0,1,2,3,4,5,6,7,files,Class
-0.21212478,-0.38572368,-0.026742604,-0.07013985,0.122350216,0.075775325,-0.26976427,-0.40224376,train_0002.wav,0
-0.1632669,-0.39861462,0.0013805529,-0.057849735,0.0775744,0.09488411,-0.28958678,-0.1198885,train_0008.wav,0
-0.25007483,-0.31545565,-0.15658851,0.1614937,0.12399835,0.16256306,0.0059356345,-0.3244691,train_0010.wav,0
-0.08692378,-0.26465946,0.09825357,0.106761515,0.102099635,0.10811467,-0.17760941,-0.25313634,train_0028.wav,0
-0.053831294,-0.33209613,-0.024689201,0.038477235,0.08475985,0.02194504,-0.105126694,0.014710496,train_0040.wav,0
-0.1672193,-0.23523857,-0.02764392,0.027215803,0.00080179604,-0.069706865,-0.08958254,-0.098727666,train_0043.wav,0
0.095166065,-0.22272827,-0.04325907,-0.075085916,-0.032124035,0.034020226,0.059265964,-0.061240945,train_0052.wav,0
-0.18582104,-0.32883018,-0.08332704,0.06402936,0.015865745,0.043593287,-0.14829293,-0.4048313,train_0061.wav,0
-0.14764108,-0.39825967,-0.0995865,0.036431357,0.14379959,0.12294192,-0.2170978,-0.35694537,train_0065.wav,0
-0.1677589,-0.38481134,-0.07103676,0.03127901,0.15338756,0.061261017,-0.3078693,-0.33910218,train_0071.wav,0
-0.21519569,-0.30638817,0.068376034,-0.091718465,0.02431435,0.16906928,-0.19089487,-0.15528676,train_0074.wav,0
-0.08669224,-0.2378304,-0.029056316,0.09563938,-0.0842784,0.104275346,-0.2276594,-0.18196598,train_0079.wav,0
-0.054359186,-0.21357666,-0.025332425,-0.054399546,0.027934596,-0.0017793903,-0.22003649,-0.16786987,train_0083.wav,0
-0.18425626,-0.35147533,-0.09580659,0.1427636,0.054991998,0.13628915,-0.21438593,-0.3778943,train_0093.wav,0
-0.21442345,-0.38442066,-0.08630427,0.054844286,0.17288621,0.0346321,-0.26539305,-0.5038747,train_0095.wav,0
-0.18459657,-0.3467488,-0.16061898,0.06542495,0.1333855,0.10051808,0.015817579,-0.30225694,train_0097.wav,0
-0.17931567,-0.42700416,-0.106331505,0.11375016,0.12499472,0.16973566,-0.09312942,-0.44676474,train_0101.wav,0
-0.12960291,-0.34674647,0.005486776,0.021307673,0.030267576,0.088382415,-0.26442114,-0.18940336,train_0104.wav,0
-0.06340983,-0.4400888,-0.13076423,0.033323802,0.1975349,0.052755006,-0.1251455,-0.40038314,train_0105.wav,0
-0.1276257,-0.35778794,-0.13372527,0.03319433,0.17882209,0.12154697,-0.22498475,-0.27542275,train_0106.wav,0
-0.15907432,-0.37848225,-0.06086943,0.102809384,0.08154544,0.04802239,-0.10978897,-0.40097895,train_0109.wav,0
-0.10391155,-0.23446555,-0.027014773,-0.15647782,0.052081987,0.06431582,-0.19713032,0.04025231,train_0120.wav,0
-0.19828364,-0.349229,-0.08434495,0.03418163,0.08576413,0.09397202,-0.1146722,-0.41601437,train_0128.wav,0
-0.10462591,-0.31082395,-0.08355465,-0.010031345,0.08185914,0.15785928,-0.11086489,-0.090631165,train_0133.wav,0
-0.25688016,-0.27891758,-0.045147616,0.077389084,0.089387506,0.18725629,-0.21246588,-0.08146171,train_0134.wav,0
-0.07686468,-0.22574139,-0.009604186,-0.08943197,0.05194099,0.0217255,-0.0014331834,-0.17829221,train_0136.wav,0
-0.19359279,-0.36462846,-0.072160706,0.046622127,0.2196163,0.15875173,-0.306042,-0.5490472,train_0144.wav,0
-0.21139552,-0.218834,-0.017197303,0.016645253,0.03910123,0.22005622,-0.029864863,-0.30312926,train_0152.wav,0
-0.18916439,-0.3421383,-0.07500585,0.0054088067,0.08703316,0.07386647,-0.11100316,-0.36063704,train_0158.wav,0
-0.24659616,-0.336715,-0.08139155,0.046240486,0.13393238,0.12214609,-0.039484583,-0.35538217,train_0161.wav,0
-0.07209034,-0.21914968,-0.03996978,-0.05189548,0.024657896,0.056469165,-0.10352889,-0.113572896,train_0167.wav,0
-0.26111245,-0.372708,-0.12282712,0.08527862,0.14208831,0.09420999,-0.29386306,-0.30831265,train_0170.wav,0
-0.17035952,-0.26856306,-0.0413278,-0.029735832,0.10500262,0.08485972,-0.26157784,-0.21387474,train_0172.wav,0
0.057242755,-0.15064113,0.056738004,-0.048455037,0.1433348,0.08823103,0.12487941,-0.15396746,train_0175.wav,0
-0.2239796,-0.43115905,-0.029946722,0.047121134,0.15734254,0.13818239,-0.34122643,-0.43022144,train_0177.wav,0
-0.13258328,-0.39567462,-0.02653066,-0.02522493,0.18581232,0.05776555,-0.3296456,-0.31837702,train_0192.wav,0
-0.17684305,-0.43282422,-0.08187297,0.07888175,0.18391855,0.0966889,-0.41625804,-0.5351638,train_0197.wav,0
-0.18400978,-0.36680543,-0.07548412,0.038751084,-0.12479562,0.09255973,-0.32191843,-0.3101829,train_0200.wav,0
-0.20648913,-0.39760032,-0.07604962,0.09491191,0.01920695,0.12775542,-0.20104995,-0.38184527,train_0201.wav,0
-0.16478704,-0.413675,-0.15031181,0.061184347,0.2469558,0.1139565,-0.25240237,-0.4344555,train_0204.wav,0
-0.26178575,-0.38756728,-0.090979956,0.056917403,0.16257785,0.07314027,-0.20234784,-0.33314592,train_0206.wav,0
-0.21165933,-0.35958079,-0.1188386,0.11236406,-0.0089871185,0.08989811,-0.040557057,-0.4008671,train_0209.wav,0
-0.18942115,-0.2860302,-0.16512382,0.025835013,0.1769913,0.0674978,-0.10388418,-0.42869255,train_0211.wav,0
-0.18545029,-0.36362055,-0.13433334,0.05277887,0.17320433,0.1713668,-0.18871923,-0.47562602,train_0212.wav,0
-0.046761572,-0.34075016,-0.03327249,0.026214194,0.045316324,0.14914414,-0.037171993,-0.05535643,train_0227.wav,0
0.0033830048,-0.164965,-0.089417115,0.051434834,-0.046212927,0.11839896,-0.041613027,-0.026722508,train_0229.wav,0
-0.21484064,-0.23615125,-0.07831723,0.03476537,0.1641094,0.07565614,-0.123123825,-0.28175163,train_0233.wav,0
-0.19605312,-0.36885843,-0.0717278,0.032029863,0.10051356,0.11623632,-0.2702447,-0.43783292,train_0238.wav,0
-0.17210822,-0.3159452,-0.10999362,0.0060505546,0.056092214,0.1159916,-0.16079202,-0.41945624,train_0239.wav,0
-0.18832785,-0.4169292,-0.015120325,0.06131324,0.10277695,0.0374079,-0.42165568,-0.4418115,train_0249.wav,0
-0.11542193,-0.11721507,-0.11210782,-0.034281332,0.07726056,0.082514316,-0.15556322,-0.013046774,train_0254.wav,0
-0.049157053,-0.1625405,-0.1866643,0.06230092,0.25506496,-0.12656051,-0.1315317,-0.17877471,train_0282.wav,0
-0.053204928,-0.3547165,-0.039068375,0.0744509,0.056958776,0.104550526,-0.09873859,-0.30591002,train_0291.wav,0
-0.15098065,-0.22781001,-0.14170413,-0.026657933,0.08906722,0.123167224,-0.08259624,-0.26374125,train_0292.wav,0
-0.050267328,-0.21176215,-0.000490448,0.0101866145,0.050945293,0.16500355,-0.035703786,0.058073077,train_0294.wav,0
-0.17643072,-0.41611323,-0.12825818,0.043239255,0.14608285,0.14038682,-0.20590374,-0.50993156,train_0298.wav,0
-0.15283169,-0.35352123,-0.15872929,0.18684405,0.24802987,0.07922522,-0.1344626,-0.32852218,train_0299.wav,0
-0.28992215,-0.39754045,-0.12152742,0.16917445,0.19270466,0.1434589,-0.2409671,-0.6068026,train_0301.wav,0
-0.13800839,-0.37354168,-0.08042084,0.04336375,0.14357734,0.079183854,-0.20463945,-0.3676891,train_0311.wav,0
0.03911792,-0.0104833115,-0.0009872064,-0.10271427,0.13627589,-0.26454028,0.026504418,-0.08888879,train_0313.wav,0
-0.1451431,-0.3167329,-0.09588218,-0.005008442,0.10768505,0.07706801,-0.1105664,-0.23601007,train_0314.wav,0
-0.13368756,-0.39804846,-0.053275675,0.053769883,0.10667549,0.15853146,-0.08563276,-0.36634827,train_0317.wav,0
0.100811146,0.0151078105,0.09035413,-0.120731436,-0.07694185,-0.21369302,0.023107626,0.03560026,train_0320.wav,0
-0.076965265,-0.3061373,-0.046055973,-0.021838905,0.0777013,0.09219734,-0.3623046,-0.2957246,train_0332.wav,0
-0.16430803,-0.3269774,-0.0117543,-0.019643715,0.039413523,0.08531532,-0.2474793,-0.25449598,train_0344.wav,0
-0.3065869,-0.31829903,-0.07186352,-0.0024741439,0.20332472,0.16214928,-0.17943138,-0.29710093,train_0356.wav,0
-0.23721924,-0.335672,-0.09487503,0.021118866,0.15233567,0.029982615,-0.14181678,-0.21013215,train_0363.wav,0
-0.22227763,-0.35826677,-0.015142296,0.12861007,0.0046942485,0.18858999,-0.18105799,-0.11320199,train_0366.wav,0
-0.20356205,-0.3237607,-0.08790523,-0.008582273,0.07235363,0.09028062,-0.19361645,-0.28554028,train_0390.wav,0
-0.09296039,-0.29073793,-0.14457059,0.043835863,0.10040299,0.10396095,-0.0048221694,-0.2763297,train_0398.wav,0
-0.2515523,-0.311464,-0.07001732,-0.11423275,0.1023603,0.1598901,-0.07600235,-0.2171097,train_0430.wav,0
-0.010448861,-0.18914548,-0.019699171,-0.051389117,0.07176482,0.1458746,-0.10090625,-0.093402505,train_0431.wav,0
-0.31763005,-0.3612119,-0.09817508,0.024049973,0.24614005,0.1106244,-0.2013996,-0.44894004,train_0432.wav,0
-0.11486564,-0.24244751,-0.11032977,0.03505186,0.006567901,0.13839303,0.01761852,-0.14805248,train_0448.wav,0
-0.12031206,-0.35969812,-0.019078067,0.0350521,0.16170752,0.17524986,-0.18004833,-0.31805694,train_0458.wav,0
-0.014602782,-0.14972596,-0.106722295,0.036969088,-0.0045128693,0.2010047,0.115465805,-0.20390442,train_0463.wav,0
-0.098619714,-0.2638811,-0.15972206,0.039389953,0.07214679,0.0841549,-0.075710826,-0.3768173,train_0466.wav,0
-0.11936515,-0.33208707,-0.049485434,-0.022775544,0.058471914,0.14235258,-0.14794244,-0.26924637,train_0468.wav,0
-0.087547176,-0.37286502,-0.057444356,0.026069157,0.06425617,0.11135822,-0.14904776,-0.3214502,train_0469.wav,0
-0.15048301,-0.3714683,-0.013455913,0.010901145,0.12807807,0.14175679,-0.111269295,-0.34381747,train_0475.wav,0
-0.16386801,-0.5059708,-0.12550917,0.13168424,0.20421469,0.14082769,-0.20147362,-0.53491557,train_0478.wav,0
-0.062283162,-0.35934812,-0.14831653,0.09836235,0.017689006,0.10417548,-0.2731084,-0.3574454,train_0484.wav,0
-0.18448325,-0.42766625,0.00026821488,0.11212779,0.16066168,0.01389518,-0.32601717,-0.4870017,train_0493.wav,0
-0.10344668,-0.3121964,-0.14342819,0.047604017,0.1351732,0.09583379,-0.16931425,-0.35849848,train_0500.wav,0
-0.21212478,-0.38572368,-0.026742604,-0.07013985,0.122350216,0.075775325,-0.26976427,-0.40224376,train_0002.wav,0
-0.1632669,-0.39861462,0.0013805529,-0.057849735,0.0775744,0.09488411,-0.28958678,-0.1198885,train_0008.wav,0
-0.25007483,-0.31545565,-0.15658851,0.1614937,0.12399835,0.16256306,0.0059356345,-0.3244691,train_0010.wav,0
-0.08692378,-0.26465946,0.09825357,0.106761515,0.102099635,0.10811467,-0.17760941,-0.25313634,train_0028.wav,0
-0.053831294,-0.33209613,-0.024689201,0.038477235,0.08475985,0.02194504,-0.105126694,0.014710496,train_0040.wav,0
-0.1672193,-0.23523857,-0.02764392,0.027215803,0.00080179604,-0.069706865,-0.08958254,-0.098727666,train_0043.wav,0
0.095166065,-0.22272827,-0.04325907,-0.075085916,-0.032124035,0.034020226,0.059265964,-0.061240945,train_0052.wav,0
-0.18582104,-0.32883018,-0.08332704,0.06402936,0.015865745,0.043593287,-0.14829293,-0.4048313,train_0061.wav,0
-0.14764108,-0.39825967,-0.0995865,0.036431357,0.14379959,0.12294192,-0.2170978,-0.35694537,train_0065.wav,0
-0.1677589,-0.38481134,-0.07103676,0.03127901,0.15338756,0.061261017,-0.3078693,-0.33910218,train_0071.wav,0
-0.21519569,-0.30638817,0.068376034,-0.091718465,0.02431435,0.16906928,-0.19089487,-0.15528676,train_0074.wav,0
-0.08669224,-0.2378304,-0.029056316,0.09563938,-0.0842784,0.104275346,-0.2276594,-0.18196598,train_0079.wav,0
-0.054359186,-0.21357666,-0.025332425,-0.054399546,0.027934596,-0.0017793903,-0.22003649,-0.16786987,train_0083.wav,0
-0.18425626,-0.35147533,-0.09580659,0.1427636,0.054991998,0.13628915,-0.21438593,-0.3778943,train_0093.wav,0
-0.21442345,-0.38442066,-0.08630427,0.054844286,0.17288621,0.0346321,-0.26539305,-0.5038747,train_0095.wav,0
-0.18459657,-0.3467488,-0.16061898,0.06542495,0.1333855,0.10051808,0.015817579,-0.30225694,train_0097.wav,0
-0.17931567,-0.42700416,-0.106331505,0.11375016,0.12499472,0.16973566,-0.09312942,-0.44676474,train_0101.wav,0
-0.12960291,-0.34674647,0.005486776,0.021307673,0.030267576,0.088382415,-0.26442114,-0.18940336,train_0104.wav,0
-0.06340983,-0.4400888,-0.13076423,0.033323802,0.1975349,0.052755006,-0.1251455,-0.40038314,train_0105.wav,0
-0.1276257,-0.35778794,-0.13372527,0.03319433,0.17882209,0.12154697,-0.22498475,-0.27542275,train_0106.wav,0
-0.15907432,-0.37848225,-0.06086943,0.102809384,0.08154544,0.04802239,-0.10978897,-0.40097895,train_0109.wav,0
-0.10391155,-0.23446555,-0.027014773,-0.15647782,0.052081987,0.06431582,-0.19713032,0.04025231,train_0120.wav,0
-0.19828364,-0.349229,-0.08434495,0.03418163,0.08576413,0.09397202,-0.1146722,-0.41601437,train_0128.wav,0
-0.10462591,-0.31082395,-0.08355465,-0.010031345,0.08185914,0.15785928,-0.11086489,-0.090631165,train_0133.wav,0
-0.25688016,-0.27891758,-0.045147616,0.077389084,0.089387506,0.18725629,-0.21246588,-0.08146171,train_0134.wav,0
-0.07686468,-0.22574139,-0.009604186,-0.08943197,0.05194099,0.0217255,-0.0014331834,-0.17829221,train_0136.wav,0
-0.19359279,-0.36462846,-0.072160706,0.046622127,0.2196163,0.15875173,-0.306042,-0.5490472,train_0144.wav,0
-0.21139552,-0.218834,-0.017197303,0.016645253,0.03910123,0.22005622,-0.029864863,-0.30312926,train_0152.wav,0
-0.18916439,-0.3421383,-0.07500585,0.0054088067,0.08703316,0.07386647,-0.11100316,-0.36063704,train_0158.wav,0
-0.24659616,-0.336715,-0.08139155,0.046240486,0.13393238,0.12214609,-0.039484583,-0.35538217,train_0161.wav,0
-0.07209034,-0.21914968,-0.03996978,-0.05189548,0.024657896,0.056469165,-0.10352889,-0.113572896,train_0167.wav,0
-0.26111245,-0.372708,-0.12282712,0.08527862,0.14208831,0.09420999,-0.29386306,-0.30831265,train_0170.wav,0
-0.17035952,-0.26856306,-0.0413278,-0.029735832,0.10500262,0.08485972,-0.26157784,-0.21387474,train_0172.wav,0
0.057242755,-0.15064113,0.056738004,-0.048455037,0.1433348,0.08823103,0.12487941,-0.15396746,train_0175.wav,0
-0.2239796,-0.43115905,-0.029946722,0.047121134,0.15734254,0.13818239,-0.34122643,-0.43022144,train_0177.wav,0
-0.13258328,-0.39567462,-0.02653066,-0.02522493,0.18581232,0.05776555,-0.3296456,-0.31837702,train_0192.wav,0
-0.17684305,-0.43282422,-0.08187297,0.07888175,0.18391855,0.0966889,-0.41625804,-0.5351638,train_0197.wav,0
-0.18400978,-0.36680543,-0.07548412,0.038751084,-0.12479562,0.09255973,-0.32191843,-0.3101829,train_0200.wav,0
-0.20648913,-0.39760032,-0.07604962,0.09491191,0.01920695,0.12775542,-0.20104995,-0.38184527,train_0201.wav,0
-0.16478704,-0.413675,-0.15031181,0.061184347,0.2469558,0.1139565,-0.25240237,-0.4344555,train_0204.wav,0
-0.26178575,-0.38756728,-0.090979956,0.056917403,0.16257785,0.07314027,-0.20234784,-0.33314592,train_0206.wav,0
-0.21165933,-0.35958079,-0.1188386,0.11236406,-0.0089871185,0.08989811,-0.040557057,-0.4008671,train_0209.wav,0
-0.18942115,-0.2860302,-0.16512382,0.025835013,0.1769913,0.0674978,-0.10388418,-0.42869255,train_0211.wav,0
-0.18545029,-0.36362055,-0.13433334,0.05277887,0.17320433,0.1713668,-0.18871923,-0.47562602,train_0212.wav,0
-0.046761572,-0.34075016,-0.03327249,0.026214194,0.045316324,0.14914414,-0.037171993,-0.05535643,train_0227.wav,0
0.0033830048,-0.164965,-0.089417115,0.051434834,-0.046212927,0.11839896,-0.041613027,-0.026722508,train_0229.wav,0
-0.21484064,-0.23615125,-0.07831723,0.03476537,0.1641094,0.07565614,-0.123123825,-0.28175163,train_0233.wav,0
-0.19605312,-0.36885843,-0.0717278,0.032029863,0.10051356,0.11623632,-0.2702447,-0.43783292,train_0238.wav,0
-0.17210822,-0.3159452,-0.10999362,0.0060505546,0.056092214,0.1159916,-0.16079202,-0.41945624,train_0239.wav,0
-0.18832785,-0.4169292,-0.015120325,0.06131324,0.10277695,0.0374079,-0.42165568,-0.4418115,train_0249.wav,0
-0.11542193,-0.11721507,-0.11210782,-0.034281332,0.07726056,0.082514316,-0.15556322,-0.013046774,train_0254.wav,0
-0.049157053,-0.1625405,-0.1866643,0.06230092,0.25506496,-0.12656051,-0.1315317,-0.17877471,train_0282.wav,0
-0.053204928,-0.3547165,-0.039068375,0.0744509,0.056958776,0.104550526,-0.09873859,-0.30591002,train_0291.wav,0
-0.15098065,-0.22781001,-0.14170413,-0.026657933,0.08906722,0.123167224,-0.08259624,-0.26374125,train_0292.wav,0
-0.050267328,-0.21176215,-0.000490448,0.0101866145,0.050945293,0.16500355,-0.035703786,0.058073077,train_0294.wav,0
-0.17643072,-0.41611323,-0.12825818,0.043239255,0.14608285,0.14038682,-0.20590374,-0.50993156,train_0298.wav,0
-0.15283169,-0.35352123,-0.15872929,0.18684405,0.24802987,0.07922522,-0.1344626,-0.32852218,train_0299.wav,0
-0.28992215,-0.39754045,-0.12152742,0.16917445,0.19270466,0.1434589,-0.2409671,-0.6068026,train_0301.wav,0
-0.13800839,-0.37354168,-0.08042084,0.04336375,0.14357734,0.079183854,-0.20463945,-0.3676891,train_0311.wav,0
0.03911792,-0.0104833115,-0.0009872064,-0.10271427,0.13627589,-0.26454028,0.026504418,-0.08888879,train_0313.wav,0
-0.1451431,-0.3167329,-0.09588218,-0.005008442,0.10768505,0.07706801,-0.1105664,-0.23601007,train_0314.wav,0
-0.13368756,-0.39804846,-0.053275675,0.053769883,0.10667549,0.15853146,-0.08563276,-0.36634827,train_0317.wav,0
0.100811146,0.0151078105,0.09035413,-0.120731436,-0.07694185,-0.21369302,0.023107626,0.03560026,train_0320.wav,0
-0.076965265,-0.3061373,-0.046055973,-0.021838905,0.0777013,0.09219734,-0.3623046,-0.2957246,train_0332.wav,0
-0.16430803,-0.3269774,-0.0117543,-0.019643715,0.039413523,0.08531532,-0.2474793,-0.25449598,train_0344.wav,0
-0.3065869,-0.31829903,-0.07186352,-0.0024741439,0.20332472,0.16214928,-0.17943138,-0.29710093,train_0356.wav,0
-0.23721924,-0.335672,-0.09487503,0.021118866,0.15233567,0.029982615,-0.14181678,-0.21013215,train_0363.wav,0
-0.22227763,-0.35826677,-0.015142296,0.12861007,0.0046942485,0.18858999,-0.18105799,-0.11320199,train_0366.wav,0
-0.20356205,-0.3237607,-0.08790523,-0.008582273,0.07235363,0.09028062,-0.19361645,-0.28554028,train_0390.wav,0
-0.09296039,-0.29073793,-0.14457059,0.043835863,0.10040299,0.10396095,-0.0048221694,-0.2763297,train_0398.wav,0
-0.2515523,-0.311464,-0.07001732,-0.11423275,0.1023603,0.1598901,-0.07600235,-0.2171097,train_0430.wav,0
-0.010448861,-0.18914548,-0.019699171,-0.051389117,0.07176482,0.1458746,-0.10090625,-0.093402505,train_0431.wav,0
-0.31763005,-0.3612119,-0.09817508,0.024049973,0.24614005,0.1106244,-0.2013996,-0.44894004,train_0432.wav,0
-0.11486564,-0.24244751,-0.11032977,0.03505186,0.006567901,0.13839303,0.01761852,-0.14805248,train_0448.wav,0
-0.12031206,-0.35969812,-0.019078067,0.0350521,0.16170752,0.17524986,-0.18004833,-0.31805694,train_0458.wav,0
-0.014602782,-0.14972596,-0.106722295,0.036969088,-0.0045128693,0.2010047,0.115465805,-0.20390442,train_0463.wav,0
-0.098619714,-0.2638811,-0.15972206,0.039389953,0.07214679,0.0841549,-0.075710826,-0.3768173,train_0466.wav,0
-0.11936515,-0.33208707,-0.049485434,-0.022775544,0.058471914,0.14235258,-0.14794244,-0.26924637,train_0468.wav,0
-0.087547176,-0.37286502,-0.057444356,0.026069157,0.06425617,0.11135822,-0.14904776,-0.3214502,train_0469.wav,0
-0.15048301,-0.3714683,-0.013455913,0.010901145,0.12807807,0.14175679,-0.111269295,-0.34381747,train_0475.wav,0
-0.16386801,-0.5059708,-0.12550917,0.13168424,0.20421469,0.14082769,-0.20147362,-0.53491557,train_0478.wav,0
-0.062283162,-0.35934812,-0.14831653,0.09836235,0.017689006,0.10417548,-0.2731084,-0.3574454,train_0484.wav,0
-0.18448325,-0.42766625,0.00026821488,0.11212779,0.16066168,0.01389518,-0.32601717,-0.4870017,train_0493.wav,0
-0.10344668,-0.3121964,-0.14342819,0.047604017,0.1351732,0.09583379,-0.16931425,-0.35849848,train_0500.wav,0
-0.21212478,-0.38572368,-0.026742604,-0.07013985,0.122350216,0.075775325,-0.26976427,-0.40224376,train_0002.wav,0
-0.1632669,-0.39861462,0.0013805529,-0.057849735,0.0775744,0.09488411,-0.28958678,-0.1198885,train_0008.wav,0
-0.25007483,-0.31545565,-0.15658851,0.1614937,0.12399835,0.16256306,0.0059356345,-0.3244691,train_0010.wav,0
-0.08692378,-0.26465946,0.09825357,0.106761515,0.102099635,0.10811467,-0.17760941,-0.25313634,train_0028.wav,0
-0.053831294,-0.33209613,-0.024689201,0.038477235,0.08475985,0.02194504,-0.105126694,0.014710496,train_0040.wav,0
-0.1672193,-0.23523857,-0.02764392,0.027215803,0.00080179604,-0.069706865,-0.08958254,-0.098727666,train_0043.wav,0
0.095166065,-0.22272827,-0.04325907,-0.075085916,-0.032124035,0.034020226,0.059265964,-0.061240945,train_0052.wav,0
-0.18582104,-0.32883018,-0.08332704,0.06402936,0.015865745,0.043593287,-0.14829293,-0.4048313,train_0061.wav,0
-0.14764108,-0.39825967,-0.0995865,0.036431357,0.14379959,0.12294192,-0.2170978,-0.35694537,train_0065.wav,0
-0.1677589,-0.38481134,-0.07103676,0.03127901,0.15338756,0.061261017,-0.3078693,-0.33910218,train_0071.wav,0
-0.21519569,-0.30638817,0.068376034,-0.091718465,0.02431435,0.16906928,-0.19089487,-0.15528676,train_0074.wav,0
-0.08669224,-0.2378304,-0.029056316,0.09563938,-0.0842784,0.104275346,-0.2276594,-0.18196598,train_0079.wav,0
-0.054359186,-0.21357666,-0.025332425,-0.054399546,0.027934596,-0.0017793903,-0.22003649,-0.16786987,train_0083.wav,0
-0.18425626,-0.35147533,-0.09580659,0.1427636,0.054991998,0.13628915,-0.21438593,-0.3778943,train_0093.wav,0
-0.21442345,-0.38442066,-0.08630427,0.054844286,0.17288621,0.0346321,-0.26539305,-0.5038747,train_0095.wav,0
-0.18459657,-0.3467488,-0.16061898,0.06542495,0.1333855,0.10051808,0.015817579,-0.30225694,train_0097.wav,0
-0.17931567,-0.42700416,-0.106331505,0.11375016,0.12499472,0.16973566,-0.09312942,-0.44676474,train_0101.wav,0
-0.12960291,-0.34674647,0.005486776,0.021307673,0.030267576,0.088382415,-0.26442114,-0.18940336,train_0104.wav,0
-0.06340983,-0.4400888,-0.13076423,0.033323802,0.1975349,0.052755006,-0.1251455,-0.40038314,train_0105.wav,0
-0.1276257,-0.35778794,-0.13372527,0.03319433,0.17882209,0.12154697,-0.22498475,-0.27542275,train_0106.wav,0
-0.15907432,-0.37848225,-0.06086943,0.102809384,0.08154544,0.04802239,-0.10978897,-0.40097895,train_0109.wav,0
-0.10391155,-0.23446555,-0.027014773,-0.15647782,0.052081987,0.06431582,-0.19713032,0.04025231,train_0120.wav,0
-0.19828364,-0.349229,-0.08434495,0.03418163,0.08576413,0.09397202,-0.1146722,-0.41601437,train_0128.wav,0
-0.10462591,-0.31082395,-0.08355465,-0.010031345,0.08185914,0.15785928,-0.11086489,-0.090631165,train_0133.wav,0
-0.25688016,-0.27891758,-0.045147616,0.077389084,0.089387506,0.18725629,-0.21246588,-0.08146171,train_0134.wav,0
-0.07686468,-0.22574139,-0.009604186,-0.08943197,0.05194099,0.0217255,-0.0014331834,-0.17829221,train_0136.wav,0
-0.19359279,-0.36462846,-0.072160706,0.046622127,0.2196163,0.15875173,-0.306042,-0.5490472,train_0144.wav,0
-0.21139552,-0.218834,-0.017197303,0.016645253,0.03910123,0.22005622,-0.029864863,-0.30312926,train_0152.wav,0
-0.18916439,-0.3421383,-0.07500585,0.0054088067,0.08703316,0.07386647,-0.11100316,-0.36063704,train_0158.wav,0
-0.24659616,-0.336715,-0.08139155,0.046240486,0.13393238,0.12214609,-0.039484583,-0.35538217,train_0161.wav,0
-0.07209034,-0.21914968,-0.03996978,-0.05189548,0.024657896,0.056469165,-0.10352889,-0.113572896,train_0167.wav,0
-0.26111245,-0.372708,-0.12282712,0.08527862,0.14208831,0.09420999,-0.29386306,-0.30831265,train_0170.wav,0
-0.17035952,-0.26856306,-0.0413278,-0.029735832,0.10500262,0.08485972,-0.26157784,-0.21387474,train_0172.wav,0
0.057242755,-0.15064113,0.056738004,-0.048455037,0.1433348,0.08823103,0.12487941,-0.15396746,train_0175.wav,0
-0.2239796,-0.43115905,-0.029946722,0.047121134,0.15734254,0.13818239,-0.34122643,-0.43022144,train_0177.wav,0
-0.13258328,-0.39567462,-0.02653066,-0.02522493,0.18581232,0.05776555,-0.3296456,-0.31837702,train_0192.wav,0
-0.17684305,-0.43282422,-0.08187297,0.07888175,0.18391855,0.0966889,-0.41625804,-0.5351638,train_0197.wav,0
-0.18400978,-0.36680543,-0.07548412,0.038751084,-0.12479562,0.09255973,-0.32191843,-0.3101829,train_0200.wav,0
-0.20648913,-0.39760032,-0.07604962,0.09491191,0.01920695,0.12775542,-0.20104995,-0.38184527,train_0201.wav,0
-0.16478704,-0.413675,-0.15031181,0.061184347,0.2469558,0.1139565,-0.25240237,-0.4344555,train_0204.wav,0
-0.26178575,-0.38756728,-0.090979956,0.056917403,0.16257785,0.07314027,-0.20234784,-0.33314592,train_0206.wav,0
-0.21165933,-0.35958079,-0.1188386,0.11236406,-0.0089871185,0.08989811,-0.040557057,-0.4008671,train_0209.wav,0
-0.18942115,-0.2860302,-0.16512382,0.025835013,0.1769913,0.0674978,-0.10388418,-0.42869255,train_0211.wav,0
-0.18545029,-0.36362055,-0.13433334,0.05277887,0.17320433,0.1713668,-0.18871923,-0.47562602,train_0212.wav,0
-0.046761572,-0.34075016,-0.03327249,0.026214194,0.045316324,0.14914414,-0.037171993,-0.05535643,train_0227.wav,0
0.0033830048,-0.164965,-0.089417115,0.051434834,-0.046212927,0.11839896,-0.041613027,-0.026722508,train_0229.wav,0
-0.21484064,-0.23615125,-0.07831723,0.03476537,0.1641094,0.07565614,-0.123123825,-0.28175163,train_0233.wav,0
-0.19605312,-0.36885843,-0.0717278,0.032029863,0.10051356,0.11623632,-0.2702447,-0.43783292,train_0238.wav,0
-0.17210822,-0.3159452,-0.10999362,0.0060505546,0.056092214,0.1159916,-0.16079202,-0.41945624,train_0239.wav,0
-0.18832785,-0.4169292,-0.015120325,0.06131324,0.10277695,0.0374079,-0.42165568,-0.4418115,train_0249.wav,0
-0.11542193,-0.11721507,-0.11210782,-0.034281332,0.07726056,0.082514316,-0.15556322,-0.013046774,train_0254.wav,0
-0.049157053,-0.1625405,-0.1866643,0.06230092,0.25506496,-0.12656051,-0.1315317,-0.17877471,train_0282.wav,0
-0.053204928,-0.3547165,-0.039068375,0.0744509,0.056958776,0.104550526,-0.09873859,-0.30591002,train_0291.wav,0
-0.15098065,-0.22781001,-0.14170413,-0.026657933,0.08906722,0.123167224,-0.08259624,-0.26374125,train_0292.wav,0
-0.050267328,-0.21176215,-0.000490448,0.0101866145,0.050945293,0.16500355,-0.035703786,0.058073077,train_0294.wav,0
-0.17643072,-0.41611323,-0.12825818,0.043239255,0.14608285,0.14038682,-0.20590374,-0.50993156,train_0298.wav,0
-0.15283169,-0.35352123,-0.15872929,0.18684405,0.24802987,0.07922522,-0.1344626,-0.32852218,train_0299.wav,0
-0.28992215,-0.39754045,-0.12152742,0.16917445,0.19270466,0.1434589,-0.2409671,-0.6068026,train_0301.wav,0
-0.13800839,-0.37354168,-0.08042084,0.04336375,0.14357734,0.079183854,-0.20463945,-0.3676891,train_0311.wav,0
0.03911792,-0.0104833115,-0.0009872064,-0.10271427,0.13627589,-0.26454028,0.026504418,-0.08888879,train_0313.wav,0
-0.1451431,-0.3167329,-0.09588218,-0.005008442,0.10768505,0.07706801,-0.1105664,-0.23601007,train_0314.wav,0
-0.13368756,-0.39804846,-0.053275675,0.053769883,0.10667549,0.15853146,-0.08563276,-0.36634827,train_0317.wav,0
0.100811146,0.0151078105,0.09035413,-0.120731436,-0.07694185,-0.21369302,0.023107626,0.03560026,train_0320.wav,0
-0.076965265,-0.3061373,-0.046055973,-0.021838905,0.0777013,0.09219734,-0.3623046,-0.2957246,train_0332.wav,0
-0.16430803,-0.3269774,-0.0117543,-0.019643715,0.039413523,0.08531532,-0.2474793,-0.25449598,train_0344.wav,0
-0.3065869,-0.31829903,-0.07186352,-0.0024741439,0.20332472,0.16214928,-0.17943138,-0.29710093,train_0356.wav,0
-0.23721924,-0.335672,-0.09487503,0.021118866,0.15233567,0.029982615,-0.14181678,-0.21013215,train_0363.wav,0
-0.22227763,-0.35826677,-0.015142296,0.12861007,0.0046942485,0.18858999,-0.18105799,-0.11320199,train_0366.wav,0
-0.20356205,-0.3237607,-0.08790523,-0.008582273,0.07235363,0.09028062,-0.19361645,-0.28554028,train_0390.wav,0
-0.09296039,-0.29073793,-0.14457059,0.043835863,0.10040299,0.10396095,-0.0048221694,-0.2763297,train_0398.wav,0
-0.2515523,-0.311464,-0.07001732,-0.11423275,0.1023603,0.1598901,-0.07600235,-0.2171097,train_0430.wav,0
-0.010448861,-0.18914548,-0.019699171,-0.051389117,0.07176482,0.1458746,-0.10090625,-0.093402505,train_0431.wav,0
-0.31763005,-0.3612119,-0.09817508,0.024049973,0.24614005,0.1106244,-0.2013996,-0.44894004,train_0432.wav,0
-0.11486564,-0.24244751,-0.11032977,0.03505186,0.006567901,0.13839303,0.01761852,-0.14805248,train_0448.wav,0
-0.12031206,-0.35969812,-0.019078067,0.0350521,0.16170752,0.17524986,-0.18004833,-0.31805694,train_0458.wav,0
-0.014602782,-0.14972596,-0.106722295,0.036969088,-0.0045128693,0.2010047,0.115465805,-0.20390442,train_0463.wav,0
-0.098619714,-0.2638811,-0.15972206,0.039389953,0.07214679,0.0841549,-0.075710826,-0.3768173,train_0466.wav,0
-0.11936515,-0.33208707,-0.049485434,-0.022775544,0.058471914,0.14235258,-0.14794244,-0.26924637,train_0468.wav,0
-0.087547176,-0.37286502,-0.057444356,0.026069157,0.06425617,0.11135822,-0.14904776,-0.3214502,train_0469.wav,0
-0.15048301,-0.3714683,-0.013455913,0.010901145,0.12807807,0.14175679,-0.111269295,-0.34381747,train_0475.wav,0
-0.16386801,-0.5059708,-0.12550917,0.13168424,0.20421469,0.14082769,-0.20147362,-0.53491557,train_0478.wav,0
-0.062283162,-0.35934812,-0.14831653,0.09836235,0.017689006,0.10417548,-0.2731084,-0.3574454,train_0484.wav,0
-0.18448325,-0.42766625,0.00026821488,0.11212779,0.16066168,0.01389518,-0.32601717,-0.4870017,train_0493.wav,0
-0.10344668,-0.3121964,-0.14342819,0.047604017,0.1351732,0.09583379,-0.16931425,-0.35849848,train_0500.wav,0
-0.18644908,-0.32216752,-0.04306462,0.04491492,0.08027081,0.014347278,-0.247064,-0.37304232,train_0003.wav,1
-0.073131576,-0.16868912,-0.0781096,0.066426285,-0.017672595,0.033016484,0.168786,-0.092387296,train_0006.wav,1
-0.20965238,-0.32600635,0.023338078,-0.029090445,0.06305501,0.05288617,-0.20149633,-0.28158152,train_0007.wav,1
-0.10799978,-0.29364946,-0.047487278,0.030173985,-0.012705469,0.070011035,-0.110961415,-0.29216498,train_0012.wav,1
-0.112251475,-0.38084137,-0.060542982,-0.007945657,0.12309246,0.03445975,-0.08340697,-0.25899705,train_0013.wav,1
-0.20087919,-0.3304285,0.09996608,-0.16526382,0.09698378,0.10319076,-0.2616564,-0.3445529,train_0015.wav,1
-0.14292397,-0.3431706,-0.17393138,0.06576262,0.09476144,0.09107184,-0.008228653,-0.21272114,train_0017.wav,1
-0.15055144,-0.37912327,-0.06461258,0.010070106,0.08559453,0.15431052,-0.12681375,-0.3284587,train_0018.wav,1
-0.23590282,-0.36568213,-0.12415958,0.07264126,0.17860012,0.120746575,-0.033689927,-0.36047357,train_0020.wav,1
-0.15140349,-0.33823386,-0.038471937,-0.062152263,-0.042693034,0.097865425,-0.17164986,-0.17140353,train_0021.wav,1
-0.19602159,-0.28240848,-0.06687491,0.03870973,0.093650475,0.16483246,-0.16436373,-0.2596275,train_0022.wav,1
-0.22463118,-0.355501,-0.12193745,0.061069727,0.21748991,0.040197313,-0.016839178,-0.3918324,train_0023.wav,1
-0.13531934,-0.3821751,-0.041892093,0.05791412,0.02666135,0.08870433,-0.19546244,-0.25680283,train_0024.wav,1
-0.074186035,-0.2961965,-0.000846222,0.12400009,0.13345748,0.09168454,-0.084253974,-0.13362323,train_0025.wav,1
-0.23135196,-0.26324275,-0.0726625,0.005824305,0.2180601,0.1358395,-0.14780934,-0.31427154,train_0026.wav,1
-0.13267542,-0.30012628,-0.0985708,0.083681315,0.114460796,0.108020425,-0.04935728,-0.38350525,train_0027.wav,1
-0.1799592,-0.3349931,-0.08178644,0.0023514144,0.11612656,0.17711462,-0.2176665,-0.38223195,train_0029.wav,1
-0.13090537,-0.39828038,-0.0039604045,0.0451912,0.007934496,0.17966095,-0.36878324,-0.32343528,train_0030.wav,1
-0.17380112,-0.40605,-0.058166135,0.062794134,0.17097956,0.109532535,-0.36161304,-0.46777213,train_0031.wav,1
-0.118208,-0.382852,-0.13252935,-0.059535358,0.2648537,0.08763393,-0.36826235,-0.36195645,train_0034.wav,1
-0.18703534,-0.22990903,-0.032959677,0.04531778,0.09693002,0.084745325,-0.091468744,-0.18565124,train_0035.wav,1
-0.2621545,-0.40759373,-0.04826391,0.02024659,0.11153551,0.12965801,-0.24021646,-0.308947,train_0036.wav,1
-0.2129198,-0.35137525,-0.056715716,0.050221544,0.06240564,0.07469483,-0.095005885,-0.28412035,train_0037.wav,1
-0.1218499,-0.40228143,-0.09482484,0.14398564,0.21536092,0.11383239,-0.21922728,-0.35505706,train_0038.wav,1
-0.115315944,-0.37796453,-0.11585241,0.111627914,0.26033887,0.12837476,-0.16151084,-0.40580732,train_0039.wav,1
-0.15240976,-0.2885965,-0.10891165,0.0025679544,0.026905658,0.09364764,-0.18199626,-0.2641483,train_0041.wav,1
-0.09697049,-0.23611706,-0.14003278,0.021641115,0.03652721,0.12748948,0.017776722,-0.2214892,train_0042.wav,1
-0.22723724,-0.40304703,-0.041185778,0.12884653,0.01871599,0.07708309,-0.24988993,-0.44315293,train_0044.wav,1
-0.17292829,-0.30997247,-0.10398612,0.013421642,0.01469755,0.14513502,-0.013213308,-0.2268917,train_0045.wav,1
-0.22725324,-0.42918047,-0.12601775,0.10714783,0.27152327,0.08036675,-0.13851221,-0.48124787,train_0046.wav,1
-0.17122497,-0.34189972,0.049575735,0.07246461,-0.05809004,0.2095965,-0.010024601,-0.30368412,train_0047.wav,1
-0.17862464,-0.3743309,-0.10933417,0.04647992,0.13949126,0.07441582,-0.15383402,-0.2373533,train_0048.wav,1
-0.12922218,-0.28737584,-0.07804163,0.07547173,0.10052762,0.15994772,-0.05018758,-0.19007517,train_0049.wav,1
-0.20593634,-0.18654627,0.02234116,0.0028152843,0.10907653,0.026213402,-0.20436957,-0.2530609,train_0051.wav,1
-0.17941613,-0.30565384,-0.06409893,0.053629,0.08832257,0.10370601,-0.15066385,-0.27994114,train_0053.wav,1
-0.13617261,-0.23528782,-0.11068171,0.16007152,0.27568537,0.048481554,-0.09044844,-0.35013193,train_0054.wav,1
-0.11422742,-0.38952583,-0.055305712,0.080205224,0.17974967,0.07341249,-0.16048054,-0.36843035,train_0055.wav,1
-0.06757528,-0.22770916,-0.098303676,0.00955589,-0.033618417,0.16140069,-0.112338886,-0.13597803,train_0056.wav,1
-0.1783872,-0.3801751,-0.09620183,0.042008083,0.059443977,0.10042322,-0.23805203,-0.41423362,train_0062.wav,1
-0.20980364,-0.34892538,-0.06545273,-0.03875167,0.0845195,0.18973784,-0.033712205,-0.38960904,train_0063.wav,1
-0.05376387,-0.3598115,-0.071729966,-0.055049475,0.095873915,0.1359216,-0.29479182,-0.29184332,train_0067.wav,1
-0.12005993,-0.17536975,-0.07914772,-0.016474286,0.08550266,0.087477796,-0.11738645,-0.1233832,train_0068.wav,1
-0.15901875,-0.3481477,-0.05687457,0.111976914,0.02118253,0.07359683,-0.16244829,-0.2886575,train_0070.wav,1
-0.18692994,-0.28396145,-0.072969735,0.08100627,-0.081165716,0.14123473,-0.05605668,-0.28213975,train_0072.wav,1
-0.1296061,-0.2884149,-0.07916236,0.031585973,0.121911995,0.09527679,-0.14532818,-0.26068854,train_0075.wav,1
-0.09495465,-0.11839718,-0.15704086,0.039488737,0.1360136,0.2009597,0.08818251,-0.07471188,train_0077.wav,1
-0.17790826,-0.35317695,-0.07647718,0.04591142,0.09838892,0.14359048,-0.25027886,-0.42933962,train_0080.wav,1
-0.21462876,-0.37876913,-0.08926672,0.12633668,0.1588069,0.14765038,-0.22813465,-0.38685155,train_0081.wav,1
-0.18174039,-0.44373345,-0.092927694,0.094932795,0.08274965,0.14015324,-0.1429327,-0.40219623,train_0084.wav,1
-0.11749723,-0.39627323,-0.07088128,0.057586987,0.07030213,0.13516237,-0.20348169,-0.26856562,train_0085.wav,1
-0.14769982,-0.41742802,-0.09272087,0.089336,0.11157868,0.10981612,-0.32714155,-0.3757049,train_0086.wav,1
-0.23242469,-0.38725203,-0.040342465,0.21297935,0.1647234,0.1542541,-0.21490167,-0.3536496,train_0087.wav,1
-0.13558416,-0.43594608,-0.109369755,0.074476995,0.18975583,0.1416262,-0.23754317,-0.26031733,train_0088.wav,1
-0.20707391,-0.3358309,-0.032087408,-0.014367587,0.10640611,0.12706396,-0.29744318,-0.2992159,train_0089.wav,1
0.01717813,-0.10948017,-0.086270265,0.028641852,0.12987341,-0.06711302,-0.00712328,-0.115004815,train_0092.wav,1
-0.11572963,-0.25674844,0.15470283,0.003423029,0.05105436,0.07092188,-0.11646019,0.1336417,train_0094.wav,1
-0.16437714,-0.33082357,-0.027979892,0.055625286,0.124504894,0.082274325,-0.23648839,-0.3536455,train_0096.wav,1
-0.25353715,-0.42715877,-0.05095263,0.084289454,-0.010159217,0.19491865,-0.3513739,-0.32018217,train_0098.wav,1
-0.14599879,-0.2949362,0.04969098,0.008670635,0.055644788,0.08769858,-0.094135486,-0.058479328,train_0099.wav,1
-0.18243638,-0.38683423,-0.085861005,0.03337482,0.027875263,0.07334295,-0.32305956,-0.47643563,train_0100.wav,1
-0.1289721,-0.40251395,-0.06922711,0.07101103,0.15977237,0.11500808,-0.37087873,-0.4084679,train_0102.wav,1
-0.20638557,-0.43191698,-0.071508765,0.13502902,0.12390321,0.087204464,-0.32054263,-0.43713835,train_0107.wav,1
-0.0169445,-0.30401036,-0.010174823,0.04244309,0.111448005,-0.0015243117,-0.16990378,-0.25819808,train_0108.wav,1
-0.09566318,-0.3887301,-0.08369465,0.066016726,0.056027986,0.08485292,-0.19898944,-0.3301846,train_0111.wav,1
-0.051786747,-0.36554724,-0.089790165,0.070591174,0.051406983,0.1057993,-0.2607155,-0.5394811,train_0113.wav,1
-0.16434398,-0.3351312,-0.03547639,-0.05854579,0.022291254,0.13452187,-0.23886947,-0.30854565,train_0114.wav,1
-0.08116642,-0.25185376,-0.06899317,-0.04531804,0.11398046,0.062205452,-0.038340658,-0.070331804,train_0118.wav,1
-0.038691837,-0.36792323,-0.01880155,-0.0048634904,-0.017593235,0.12873447,-0.1724883,-0.09238535,train_0121.wav,1
-0.15111262,-0.40139982,-0.20427792,0.13657768,0.15624477,0.12037461,-0.014860603,-0.40253904,train_0123.wav,1
-0.0425837,-0.26649866,-0.07832238,-0.054024268,0.0728017,0.09944853,-0.16245276,-0.19826469,train_0125.wav,1
-0.21524335,-0.37192535,-0.060009707,-0.025003776,0.21665639,0.10382081,-0.32026723,-0.39960447,train_0126.wav,1
-0.24795431,-0.42974743,-0.07843651,0.0757302,0.10883475,0.09903941,-0.36097506,-0.44245094,train_0127.wav,1
-0.18939622,-0.37865394,-0.09061895,0.027858868,0.1220037,0.07360719,-0.2004935,-0.35117543,train_0130.wav,1
-0.012357464,-0.3007177,0.0060331197,0.010442276,0.052931134,0.027502097,-0.25184467,-0.18782103,train_0132.wav,1
-0.22530833,-0.35790017,-0.10236011,0.11082281,0.040191475,0.13362178,-0.18512002,-0.4439106,train_0135.wav,1
-0.19686899,-0.29314348,-0.12707734,0.0314333,0.05134886,0.097695015,-0.083898626,-0.31713125,train_0137.wav,1
-0.20099355,-0.376163,-0.08089441,0.025398785,0.13216074,0.11815962,-0.14712241,-0.4909595,train_0141.wav,1
-0.15206835,-0.39692736,-0.083503716,0.10119514,0.12864922,0.14290747,-0.11427638,-0.31028244,train_0142.wav,1
-0.19246879,-0.30139887,-0.12468591,0.017189633,0.12721315,0.19177555,0.0275995,-0.27138028,train_0145.wav,1
-0.18656322,-0.36329374,-0.069819726,0.06039488,0.2519343,0.13085222,-0.114279576,-0.3090067,train_0146.wav,1
-0.10939504,-0.2958442,0.037391637,-0.04554557,0.19177206,-0.059344236,-0.2759514,-0.22686665,train_0148.wav,1
-0.17647043,-0.30176783,0.016841631,-0.098046504,0.21330574,0.11363305,-0.25140494,-0.16179949,train_0149.wav,1
-0.3016337,-0.41051915,-0.07435359,0.07843336,0.13398105,0.14180233,-0.3818622,-0.4501782,train_0151.wav,1
-0.13722128,-0.3470773,-0.07119051,0.049346242,0.095216505,0.049180955,-0.24703065,-0.26226228,train_0153.wav,1
-0.19603407,-0.38065675,0.0126086045,0.0487578,0.08666042,0.019212628,-0.18049866,-0.21030942,train_0154.wav,1
-0.14363484,-0.3517655,0.01989104,0.017409598,0.10826197,0.06490206,-0.34052286,-0.297125,train_0155.wav,1
-0.16728385,-0.4084266,-0.052069046,0.016590137,0.11312612,0.052849833,-0.28336695,-0.41760117,train_0156.wav,1
-0.045387004,-0.26593363,-0.09179626,0.010951743,0.057409685,0.15149349,-0.047086243,-0.36257225,train_0157.wav,1
-0.18437023,-0.36479548,0.0032647755,-0.01153346,0.1965161,0.15168855,-0.18916374,-0.2918368,train_0160.wav,1
-0.09243853,-0.28993434,-0.1400103,0.019767214,0.05893715,0.028938042,-0.17900006,-0.24176113,train_0162.wav,1
-0.021437908,-0.24792762,0.066800766,-0.12146766,-0.12849502,0.09829698,-0.23364165,-0.022460463,train_0163.wav,1
-0.002865344,-0.2792417,-0.1112644,0.12282339,0.2919525,0.06274582,-0.16947031,-0.35469282,train_0164.wav,1
-0.21004938,-0.30425793,0.01438283,-0.10242035,0.18037964,0.08606546,-0.32999477,-0.32410863,train_0165.wav,1
-0.16774409,-0.3028471,-0.06766574,0.046129473,0.0888128,0.10652934,-0.12264136,-0.20417883,train_0166.wav,1
-0.21514396,-0.34390268,-0.07480087,0.027823456,0.17068484,0.1589095,0.018138114,-0.3159096,train_0168.wav,1
-0.12024012,-0.326073,-0.027889276,0.055175703,0.03752523,0.09667073,-0.21516536,-0.35020092,train_0169.wav,1
-0.123955145,-0.32853377,-0.08791245,0.067245245,0.05217781,0.091981046,-0.018926496,-0.079590224,train_0173.wav,1
-0.11914382,-0.31735396,-0.14541109,0.09182493,0.121106826,0.055307243,-0.26120725,-0.16573514,train_0174.wav,1
-0.2291381,-0.43105274,-0.11306795,0.04655262,0.25497854,0.05581876,-0.36179507,-0.52501553,train_0178.wav,1
-0.17083022,-0.37785816,-0.09060004,0.0014419641,0.056479592,0.067347765,-0.15993781,-0.37940964,train_0179.wav,1
-0.0476224,-0.3149808,-0.053935383,-0.12778589,0.032573886,0.084114425,-0.29210833,-0.1654837,train_0180.wav,1
-0.08037175,-0.28258637,-0.046239283,-0.016444435,0.21712981,0.07918897,-0.1762683,-0.20494244,train_0181.wav,1
-0.11564411,-0.33172852,-0.110695615,-0.025255518,0.038661193,0.0773267,-0.17708085,-0.25051397,train_0184.wav,1
-0.23813392,-0.33579218,-0.048317708,0.053623658,0.081171826,0.127069,-0.21967378,-0.44294327,train_0185.wav,1
-0.004475124,-0.24484688,-0.11726984,0.19282685,0.04726157,-0.0057729105,-0.1685793,-0.1378198,train_0188.wav,1
-0.16719173,-0.23120749,-0.00096411287,-0.02868392,0.092859425,-0.030355345,-0.17556499,-0.28696817,train_0195.wav,1
-0.21138549,-0.379721,-0.07876499,0.051732015,0.06702373,0.14184745,-0.20817152,-0.4431554,train_0196.wav,1
-0.17116572,-0.05982089,-0.0032233272,0.050917972,0.08400553,0.027708285,-0.062034402,-0.2841826,train_0198.wav,1
-0.16522862,-0.37602156,-0.03475277,0.13672118,0.12860551,0.11467636,-0.31740195,-0.34930766,train_0199.wav,1
-0.21876118,-0.33970216,0.026737835,-0.1056113,0.18388215,0.09904016,-0.3182998,-0.21535432,train_0202.wav,1
-0.20337802,-0.2983333,-0.059796896,0.13148662,0.12574303,0.033800665,-0.1949791,-0.28468165,train_0203.wav,1
-0.19701214,-0.39830738,-0.06281085,0.06793371,0.22782174,0.044901427,-0.34653077,-0.38434628,train_0205.wav,1
-0.098762505,-0.37999305,-0.14966889,0.06792416,0.15617591,0.06381017,-0.04567937,-0.34577492,train_0207.wav,1
-0.1519987,-0.27802932,-0.1374952,0.06268041,0.093836345,0.10763455,-0.026503159,-0.17487882,train_0208.wav,1
-0.23536132,-0.38976148,-0.014464732,0.058766536,0.097945936,0.1486087,-0.10627363,-0.21706815,train_0213.wav,1
-0.22943486,-0.32095796,-0.08307157,0.015738064,0.1469428,0.08810611,-0.33105415,-0.4545687,train_0214.wav,1
-0.09156001,-0.29320934,-0.1311711,0.05215084,0.077703744,0.065429255,-0.10869755,-0.18918936,train_0215.wav,1
-0.19091477,-0.3917166,-0.09650732,0.13555183,0.122060254,0.014505019,-0.13023426,-0.41681027,train_0216.wav,1
-0.17494795,-0.34136817,-0.055417575,0.12557594,0.11690471,0.10024298,-0.16172644,-0.32713687,train_0218.wav,1
-0.18330029,-0.35739848,-0.083666705,0.06264781,0.093333684,0.06107757,-0.15276667,-0.35283917,train_0221.wav,1
-0.11959198,-0.35516903,-0.04939393,0.07252905,0.07633553,0.021445302,-0.23940368,-0.18665025,train_0222.wav,1
-0.35815567,-0.35438827,-0.064235896,0.08329339,0.24425468,0.13751172,-0.22630034,-0.546538,train_0223.wav,1
-0.3282536,-0.31000784,-0.057802055,0.08740892,0.14451818,0.073626004,-0.2845484,-0.2952908,train_0224.wav,1
-0.20373704,-0.3314154,-0.07233782,0.0690977,0.10908999,0.086381026,-0.20511186,-0.38954702,train_0228.wav,1
-0.11953334,-0.3942424,-0.09557217,0.00045126813,0.072336815,0.14043738,-0.3464834,-0.38139218,train_0230.wav,1
-0.10352511,-0.3079109,-0.0840279,0.068053864,0.06598369,0.16274899,0.040037658,-0.1620648,train_0231.wav,1
-0.052036244,-0.30530468,-0.09497518,0.09562069,0.1640757,0.11609247,-0.07040486,-0.2134837,train_0232.wav,1
-0.27248272,-0.33605352,-0.09261716,0.115592204,0.072676376,0.08933526,-0.3122889,-0.45874867,train_0234.wav,1
-0.3150975,-0.36549422,-0.07340265,0.045190945,0.16009916,0.11444881,-0.30495152,-0.34083375,train_0235.wav,1
-0.09111812,-0.27236632,-0.040413976,-0.045638494,0.07109766,0.15035099,-0.18517019,-0.005832504,train_0236.wav,1
-0.097156934,-0.3767474,-0.07375345,0.06810916,-0.0043223132,0.12695466,-0.15170695,-0.14490616,train_0237.wav,1
-0.10331162,-0.362316,-0.16859709,0.0008510769,0.10900822,0.17670208,0.06619735,-0.2962989,train_0240.wav,1
-0.10073023,-0.28491768,-0.15675136,0.07382858,0.16675517,0.043899916,-0.020866789,-0.26825303,train_0241.wav,1
-0.17272267,-0.1540811,-0.056399573,0.019449286,0.25976875,0.08700594,-0.0153239025,-0.07075491,train_0242.wav,1
-0.07245838,-0.32496372,0.02943836,-0.0034740341,0.10864676,0.14629187,-0.090128675,-0.14919974,train_0245.wav,1
-0.08078126,-0.43181255,-0.09664179,0.03411825,0.10202159,0.039445296,-0.08099115,-0.3266559,train_0247.wav,1
-0.20524773,-0.4010846,-0.083726674,0.10395326,0.029397177,0.10767102,-0.11028228,-0.394292,train_0248.wav,1
-0.12258541,-0.36858773,-0.10644954,0.033573095,0.119107716,0.08730511,-0.13013399,-0.26069713,train_0250.wav,1
-0.3144059,-0.25917715,-0.17185171,0.041495528,0.08457406,0.042601567,-0.104822576,-0.21287899,train_0251.wav,1
-0.12369388,-0.5139107,-0.055652212,0.08824886,0.18919568,0.10617325,-0.31898385,-0.5954821,train_0252.wav,1
-0.19966581,-0.31710276,-0.03147608,-0.022345249,0.26915824,0.012310057,-0.2578817,-0.39851582,train_0253.wav,1
-0.2301059,-0.3952805,-0.07380003,0.10516403,0.03571233,0.11176286,-0.2595686,-0.44759402,train_0256.wav,1
-0.15491441,-0.36309323,-0.03708874,0.059117123,0.043038286,0.06657199,-0.23167047,-0.34661818,train_0257.wav,1
-0.022790723,-0.32868564,-0.09870643,-0.08975627,0.15992205,0.04952638,-0.14490078,-0.32206324,train_0260.wav,1
-0.15468387,-0.34692913,-0.09718736,0.076643,-0.0033120576,0.07797357,-0.28034422,-0.3924443,train_0261.wav,1
-0.21482137,-0.3571543,-0.0333286,-0.049318764,0.18451133,0.14828388,-0.35393605,-0.27507308,train_0262.wav,1
-0.20741186,-0.290191,-0.06449568,-0.07462317,0.11192468,0.069403686,-0.11809422,-0.27489635,train_0263.wav,1
-0.118922435,-0.26093215,-0.05544196,0.05269476,0.1565369,0.16982068,-0.18810363,0.019594233,train_0264.wav,1
-0.21454234,-0.4048354,-0.13527772,0.10162919,0.12861328,0.13154612,-0.32103157,-0.3486893,train_0265.wav,1
-0.1500184,-0.35671565,-0.043276977,0.012700701,0.066950135,0.08623973,-0.28392234,-0.22967622,train_0269.wav,1
-0.23231679,-0.3426523,-0.016677167,-0.15692551,0.17744488,0.09315315,-0.30021372,-0.29185036,train_0271.wav,1
-0.1463203,-0.25104922,0.023933098,-0.03623172,0.03593122,0.04667065,-0.08510495,-0.23411456,train_0272.wav,1
-0.20771487,-0.39176345,-0.099843666,0.04406782,-0.030762719,0.109219566,-0.17765558,-0.3560544,train_0275.wav,1
-0.101081826,-0.2894313,-0.02918029,0.0057417084,-0.0070539606,0.14142404,0.11929139,-0.24403198,train_0276.wav,1
-0.18083504,-0.35480955,-0.09615132,0.04746849,0.12920392,0.044328198,-0.2315971,-0.35402206,train_0277.wav,1
0.010638288,-0.21228233,-0.0988436,0.035603985,0.13619213,0.14104597,0.07468355,-0.14483798,train_0278.wav,1
-0.1496291,-0.36652833,-0.12139017,0.00877052,0.039763525,0.14190868,-0.16117454,-0.3183547,train_0281.wav,1
-0.20202103,-0.3737197,-0.006452965,0.0033523818,0.065091215,-0.017218333,-0.24970831,-0.45034483,train_0283.wav,1
-0.1785536,-0.34551162,-0.098012485,0.07523387,-0.009591416,0.07778219,-0.2745359,-0.3078506,train_0285.wav,1
-0.15707403,-0.4238364,-0.11252776,0.09765616,0.1311443,0.14638251,-0.23396394,-0.51353276,train_0288.wav,1
-0.041068725,-0.42664003,-0.15688597,0.07866163,0.1702423,0.14406006,-0.1514313,-0.3652162,train_0290.wav,1
-0.18832687,-0.41269478,-0.10345659,0.056247175,0.08184543,0.120620854,-0.41950518,-0.4888743,train_0293.wav,1
-0.11322253,-0.17787243,0.06994499,-0.1942406,0.028945196,-0.03151155,-0.07972036,-0.034600586,train_0295.wav,1
-0.3367391,-0.3607417,-0.052339513,0.069323294,0.1502477,0.1790133,-0.30998668,-0.466375,train_0296.wav,1
-0.15479714,-0.31830916,-0.062836245,-0.035422165,0.15818945,0.08727823,-0.23734128,-0.488433,train_0297.wav,1
-0.2528632,-0.30999705,-0.10749801,0.05988222,0.0008453763,0.18365468,-0.00018812325,-0.26482272,train_0306.wav,1
-0.14349155,-0.41583362,-0.055977885,0.04158598,0.06512038,0.025232047,-0.162616,-0.34435108,train_0307.wav,1
-0.12913062,-0.2280745,-0.09519233,-0.0776951,0.1514639,0.0730086,-0.10623264,-0.22288013,train_0308.wav,1
-0.1837169,-0.39927918,-0.096331336,0.040409073,0.12188535,0.063049726,-0.27434805,-0.4502255,train_0310.wav,1
-0.19792654,-0.39931652,-0.06929786,0.19254299,0.18222366,0.11588917,-0.1983694,-0.4632591,train_0312.wav,1
-0.213012,-0.32655,-0.11938528,0.06630083,0.077265985,0.12401979,-0.16859126,-0.292093,train_0315.wav,1
-0.20841365,-0.40476212,-0.08852357,0.08451375,0.13129903,0.105253525,-0.2915359,-0.47543433,train_0318.wav,1
-0.14114812,-0.37340462,-0.05154055,0.074225046,0.21017566,0.0021138315,-0.23715281,-0.23672605,train_0319.wav,1
-0.19650295,-0.36038664,-0.077058636,-0.06789993,0.18695183,0.17525555,-0.31285113,-0.32632074,train_0322.wav,1
-0.04763915,-0.2914151,0.07555388,-0.079428494,0.12444387,-0.07511753,-0.24340451,-0.12582621,train_0323.wav,1
-0.16245393,-0.31013852,-0.07586984,-0.041641675,0.1681815,0.050776947,-0.2305842,-0.3531739,train_0325.wav,1
-0.2668666,-0.38591507,-0.07118556,0.038081214,0.15735203,0.074742116,-0.35223994,-0.41260192,train_0326.wav,1
-0.2127,-0.36412063,-0.04172923,-0.010463901,0.1862881,0.09797526,-0.31927702,-0.3980783,train_0327.wav,1
-0.22618017,-0.3611896,-0.06583177,0.051414765,0.045448862,0.14352106,-0.15800788,-0.4193276,train_0328.wav,1
-0.22226584,-0.3283115,-0.09272523,0.080589615,0.1422543,0.10175495,-0.13530502,-0.4066679,train_0329.wav,1
-0.20495746,-0.3535678,-0.054797217,0.03418058,0.019760458,0.061951935,-0.2654559,-0.41945285,train_0330.wav,1
0.15129969,-0.1592087,-0.03782443,0.0121229645,0.031824775,0.11165138,-0.1226991,-0.10311894,train_0331.wav,1
0.020183822,-0.37278378,-0.024925834,0.06274227,0.13491362,-0.023664035,-0.1565966,-0.32735595,train_0333.wav,1
-0.032592684,-0.18769395,-0.11185236,0.05718369,0.11195797,0.032057837,0.08552042,-0.23199831,train_0336.wav,1
-0.12219535,-0.32788017,-0.057838194,0.06487463,-0.045998048,0.09652941,-0.08218596,-0.29331473,train_0338.wav,1
-0.15423784,-0.3238244,-0.093625724,-0.01875234,0.062925585,0.048982527,-0.1404518,-0.34021822,train_0339.wav,1
-0.28545767,-0.25759855,-0.07024309,0.13605253,0.17437816,0.115683906,-0.1989675,-0.42890584,train_0340.wav,1
-0.21319327,-0.41720107,-0.08776332,0.09395933,0.03451873,0.13801584,-0.33782747,-0.44797984,train_0341.wav,1
-0.137649,-0.36018375,-0.100907244,0.029487606,0.051229406,0.13592403,-0.23603557,-0.2942587,train_0342.wav,1
-0.17675166,-0.30634305,-0.108586185,-0.012166814,0.17478786,0.07633514,-0.23013262,-0.3692064,train_0343.wav,1
-0.089993425,-0.2083453,-0.05209142,0.035537515,0.021535609,0.03248682,-0.032391135,-0.34900275,train_0345.wav,1
-0.082064845,-0.2952102,-0.12554502,0.035681203,0.03552421,0.13032842,0.03849784,-0.2575179,train_0346.wav,1
-0.14748628,-0.3939023,-0.104980916,0.13836545,0.09694941,0.13003063,-0.11262514,-0.38674468,train_0348.wav,1
-0.072467715,-0.3130488,-0.06762802,0.15287971,0.13754901,-0.0017694759,-0.09899963,-0.31018215,train_0349.wav,1
-0.18061444,-0.4040299,-0.08181836,0.012871168,0.094649106,0.23227786,-0.14878587,-0.18476047,train_0350.wav,1
-0.13955776,-0.38333696,-0.05792825,0.07460419,0.08408829,0.13832319,-0.23863342,-0.4478936,train_0351.wav,1
-0.09513788,-0.37815785,-0.051729236,0.10512549,0.050979428,0.20323427,-0.16503023,-0.3314989,train_0354.wav,1
-0.15234692,-0.35300308,-0.06541519,0.021509578,0.20809358,0.06895836,-0.21678306,-0.35193264,train_0355.wav,1
-0.19997546,-0.42569128,-0.10802677,0.19228399,0.21919918,0.06841129,-0.2756145,-0.599645,train_0357.wav,1
-0.07546808,-0.22361003,-0.106689386,0.07871937,0.16945349,0.013644055,-0.051043678,-0.26003698,train_0359.wav,1
-0.06290976,-0.2265927,-0.07099736,0.07613037,0.22126937,0.0051625734,-0.1416371,-0.32798338,train_0360.wav,1
-0.05578052,-0.28006372,-0.13401587,-0.06292935,0.072371595,0.10503134,-0.24685161,-0.20004033,train_0362.wav,1
-0.16064563,-0.25459427,0.013433791,-0.019441245,-0.020549035,0.15157826,-0.16549273,-0.21737117,train_0364.wav,1
-0.055096738,-0.33990335,-0.023678796,0.03828532,0.007491076,0.14489172,-0.22749944,-0.1885796,train_0365.wav,1
-0.002109982,-0.24340786,-0.04998014,0.024470264,0.09911206,-0.010264642,-0.0105720535,-0.1767599,train_0368.wav,1
-0.16082178,-0.29290894,-0.09663831,0.090693526,0.11135975,0.13357268,-0.12603183,-0.12236126,train_0369.wav,1
-0.19504343,-0.3865579,-0.021463152,0.11953577,0.028617304,0.15393542,-0.14278434,-0.4016353,train_0370.wav,1
-0.108018145,-0.22052594,-0.06405365,-0.08686767,0.16757144,-0.15976913,0.04186092,-0.19027138,train_0371.wav,1
-0.08862644,-0.33274388,-0.044493176,0.044609383,0.07768812,0.08879656,-0.33143586,-0.3264107,train_0372.wav,1
-0.05703318,-0.28432843,-0.028801573,-0.04133995,0.095733844,0.07481871,-0.23933417,-0.25925246,train_0373.wav,1
-0.17120434,-0.35671878,-0.07578301,0.09773293,0.22480987,0.057082444,-0.15905038,-0.35278857,train_0375.wav,1
-0.020506475,-0.31283197,-0.103738405,0.123317264,0.013643437,0.11524202,-0.123097606,-0.21521711,train_0376.wav,1
-0.1684452,-0.32507074,-0.044589356,0.03932062,0.18055363,0.10694335,-0.10131976,-0.2673655,train_0377.wav,1
-0.10685225,-0.34191695,-0.060533427,0.0022602521,0.040619966,0.15732373,-0.12603031,-0.23432043,train_0380.wav,1
-0.08490272,-0.34405583,-0.14726138,0.043191914,0.1068676,0.092277534,0.052951187,-0.24849527,train_0381.wav,1
-0.14734463,-0.31294543,-0.034618273,0.073418334,0.09391501,0.024251502,-0.26593077,-0.38559136,train_0383.wav,1
-0.22535327,-0.4085172,-0.105036855,0.07611443,0.20488879,0.13199484,-0.315141,-0.5327621,train_0384.wav,1
-0.3202641,-0.40104306,-0.037778936,0.053186662,-0.013503308,0.16488962,-0.33437493,-0.36760783,train_0385.wav,1
-0.10685225,-0.34191695,-0.060533427,0.0022602521,0.040619966,0.15732373,-0.12603031,-0.23432043,train_0386.wav,1
-0.008902575,-0.3637306,-0.08292388,0.075275645,0.08707316,0.06895364,-0.075260945,-0.3532786,train_0387.wav,1
-0.1930726,-0.38738838,-0.1336796,0.05906345,0.101869166,0.15044282,-0.250696,-0.3806485,train_0388.wav,1
-0.22433046,-0.3113019,-0.06311957,0.09901725,0.10171742,0.07213495,-0.19025236,-0.25710964,train_0389.wav,1
-0.22195496,-0.33943236,-0.12788424,0.05035774,0.025140455,0.15565035,-0.25811833,-0.27409568,train_0391.wav,1
-0.14651664,-0.33714914,-0.028095108,0.10463096,-0.10129357,0.12947723,-0.16714908,-0.16316843,train_0392.wav,1
-0.137629,-0.3312311,-0.03246147,0.0337778,0.0673603,0.11939577,-0.18558256,-0.3324868,train_0393.wav,1
-0.25209853,-0.37127307,-0.12509418,0.07539267,0.21254383,0.057548318,-0.40445024,-0.540295,train_0394.wav,1
-0.11295535,-0.23642023,-0.106266886,-0.010565919,0.11608532,0.06466077,0.045314,-0.18701819,train_0397.wav,1
-0.17577837,-0.3177389,-0.08245068,-0.0017987858,0.1779117,0.12448014,-0.18873926,-0.29025412,train_0400.wav,1
-0.22983561,-0.403578,-0.062164664,0.09014757,0.27335143,0.09869103,-0.37197813,-0.60710835,train_0401.wav,1
-0.22245608,-0.34167838,-0.14292577,0.06381926,0.1511691,0.052780908,-0.08978029,-0.2530402,train_0402.wav,1
-0.29932335,-0.29921752,-0.051845297,0.0173174,0.21293256,-0.03550738,-0.2546006,-0.3482379,train_0404.wav,1
-0.09296525,-0.25673324,-0.07276207,0.062029023,0.11577572,0.086003855,0.043418013,-0.20060405,train_0406.wav,1
-0.06446388,-0.32890075,-0.031692024,-0.033590294,0.12532653,0.10770493,-0.07369787,-0.2729036,train_0407.wav,1
-0.10211966,-0.30321187,-0.11230495,0.057256393,0.04354024,-0.01353084,0.021793453,-0.24609224,train_0410.wav,1
-0.12772916,-0.27333388,-0.063533746,-0.05581749,0.11328775,0.118199944,-0.07547414,-0.21972781,train_0411.wav,1
-0.17966366,-0.3194187,-0.0525902,0.03471828,0.061611142,0.10827766,-0.15371905,-0.288821,train_0412.wav,1
-0.18480521,-0.4731034,-0.0579851,0.113722205,0.18633607,0.15452808,-0.40385792,-0.58837044,train_0414.wav,1
-0.15651073,-0.3250463,-0.012637666,0.03687908,0.027521798,0.03643234,-0.10839028,-0.2813428,train_0415.wav,1
-0.092666246,-0.13839504,-0.025340073,-0.00023990331,0.06393373,0.07690111,-0.21607332,-0.23891228,train_0418.wav,1
-0.17143919,-0.3089731,-0.115515575,0.041080955,0.08914637,0.1256365,-0.055462975,-0.33937964,train_0420.wav,1
-0.10931992,-0.36089912,-0.092184246,0.040984422,0.2618427,0.1080934,-0.27403253,-0.3881989,train_0422.wav,1
-0.24009007,-0.2950841,-0.016591346,0.107650325,0.059518415,0.101733625,-0.18782923,-0.23287062,train_0424.wav,1
-0.20538118,-0.29218328,-0.11038751,0.045952074,0.07486713,0.12343067,-0.049995568,-0.21705706,train_0425.wav,1
-0.23815319,-0.29432026,-0.057913158,0.101107895,0.1722929,0.091524236,-0.14865965,-0.2988437,train_0427.wav,1
-0.072459124,-0.3109643,-0.118002705,-0.08998681,0.12053763,0.07957593,-0.19231541,-0.2157977,train_0428.wav,1
-0.093595274,-0.3438387,-0.07279049,0.11413814,0.12863882,0.037317563,-0.1479477,-0.3581388,train_0429.wav,1
-0.0343339,-0.35666496,0.00069862773,0.1713826,0.17508738,0.035672884,-0.049552135,-0.23927352,train_0434.wav,1
-0.19604293,-0.39683813,-0.083213694,0.13466679,0.17477858,0.09186488,-0.32050842,-0.46155393,train_0436.wav,1
-0.1636485,-0.32435027,-0.074585244,0.08299446,0.09257418,0.041882288,-0.13513549,-0.33579093,train_0438.wav,1
-0.20983505,-0.29605612,-0.02663644,0.013492966,0.09576407,0.120826885,-0.06477114,-0.34367925,train_0439.wav,1
-0.07049557,-0.3305095,-0.14688206,0.07577456,0.07419761,0.01273243,-0.011214347,-0.323467,train_0440.wav,1
-0.16811024,-0.31369653,-0.04524178,0.02464737,0.01996131,0.16556942,-0.12674224,-0.04710874,train_0441.wav,1
-0.23852983,-0.3947436,-0.1090456,0.018041527,0.18224812,0.087678686,-0.2712729,-0.496705,train_0443.wav,1
-0.22177492,-0.37192047,-0.08536109,0.14248411,0.14530598,0.03033731,-0.3155107,-0.4688695,train_0445.wav,1
-0.103873946,-0.31476802,-0.13495345,0.061765753,0.20731418,0.08963918,-0.18997924,-0.16098347,train_0450.wav,1
-0.15811153,-0.39906022,-0.08724412,0.1177641,0.1781758,0.12384771,-0.058368888,-0.40973148,train_0451.wav,1
-0.17845476,-0.4122443,-0.120081134,0.04413983,0.17668207,0.14130232,-0.2015127,-0.36442748,train_0452.wav,1
-0.15818205,-0.33505636,-0.13211186,0.018559871,0.116221085,0.028947387,-0.18131834,-0.33020473,train_0454.wav,1
-0.16958255,-0.29415974,-0.042879514,-0.050266504,0.013560392,0.09169093,-0.16249692,-0.32698855,train_0459.wav,1
-0.12887171,-0.38545373,-0.092162445,0.072271734,0.051103804,0.085727595,-0.057290114,-0.19193986,train_0460.wav,1
-0.1336555,-0.42799634,-0.06728219,0.035611544,0.13856286,0.11146971,-0.3548582,-0.4138869,train_0461.wav,1
-0.08714915,-0.29671752,-0.10189695,-0.032508478,0.10665114,0.0023989954,-0.13287824,-0.16057955,train_0464.wav,1
-0.19706197,-0.34302157,-0.056628812,0.0447244,0.072900794,0.08178379,-0.16999295,-0.32348484,train_0465.wav,1
-0.17112818,-0.3332813,-0.17545018,0.18313105,0.3663343,0.037723005,-0.07313398,-0.42602664,train_0467.wav,1
0.07273882,-0.30135933,-0.05493633,-0.01060757,0.15800361,0.1039674,-0.13118625,-0.20423897,train_0471.wav,1
-0.10301189,-0.3731223,-0.070198916,0.03416938,0.027858641,0.046150286,-0.20935965,-0.30091152,train_0479.wav,1
-0.08573284,-0.2822807,-0.14396128,-0.010494694,0.07773519,0.06414563,-0.17256679,-0.36142683,train_0485.wav,1
-0.2426076,-0.35331738,-0.10520552,0.054791216,0.08342201,0.08641407,-0.15989824,-0.38097966,train_0487.wav,1
-0.10731747,-0.4586347,-0.08026471,0.07635414,0.08175204,0.14064442,-0.3064271,-0.37840563,train_0488.wav,1
-0.2848129,-0.33770186,0.0029621678,-0.025782833,0.13014215,0.12463649,-0.38897738,-0.27378055,train_0490.wav,1
-0.22356558,-0.3755856,-0.0694752,0.0872732,0.0973237,0.14672786,-0.28879339,-0.41767552,train_0491.wav,1
-0.051265612,-0.40647972,-0.043895025,0.039262626,0.054583393,0.05922802,-0.17005105,-0.27183124,train_0492.wav,1
-0.17964108,-0.3609475,-0.03914189,0.059118297,0.16140708,0.08723129,-0.10884128,-0.28177705,train_0494.wav,1
-0.1868461,-0.26569837,-0.07268706,-0.039822824,0.0035244338,0.06234235,-0.21743163,-0.14410245,train_0497.wav,1
-0.14619352,-0.28548455,-0.027051002,0.06614751,0.061193388,0.03821492,-0.19407731,-0.25731564,train_0498.wav,1
-0.13958666,-0.28620958,-0.09017781,0.13117082,0.122788146,0.009917199,-0.086799465,-0.12136473,train_0499.wav,1
-0.2224204,-0.35039616,-0.08375479,0.021411298,0.20707344,0.10501581,-0.23426765,-0.42200407,train_0001.wav,2
-0.090555586,-0.39873728,-0.013815763,0.09865043,0.093137465,0.06380964,-0.1029501,-0.2097463,train_0004.wav,2
-0.1522933,-0.28703126,-0.1263934,0.20381266,0.11498181,-0.0040218914,-0.08458559,-0.30533046,train_0005.wav,2
-0.15956914,-0.35908228,-0.07206463,0.060735233,0.123059936,0.14077444,-0.23554628,-0.53433484,train_0009.wav,2
-0.09541629,-0.27856147,-0.11254152,0.12169525,0.071463406,0.11913806,0.021957291,-0.24589403,train_0011.wav,2
-0.07309429,-0.28373164,0.012947824,-0.019010685,0.060695335,0.00020152565,-0.33736187,-0.22921805,train_0014.wav,2
-0.09955682,-0.40053684,-0.12195996,0.024239343,0.1677519,0.13734359,-0.089421034,-0.41829947,train_0016.wav,2
-0.09751215,-0.24562815,-0.05297346,-0.090706274,0.09252003,-0.031099657,-0.12037859,-0.28976738,train_0019.wav,2
-0.16821904,-0.37511155,-0.120941505,0.041301794,0.16968767,0.10444223,-0.22438687,-0.31625587,train_0032.wav,2
-0.10838268,-0.38719064,-0.13317218,0.07042973,0.13453208,0.11471994,-0.14873864,-0.2897765,train_0033.wav,2
-0.14816537,-0.25840157,-0.07894295,0.088439114,0.16452813,0.06521052,-0.0010304508,-0.1582503,train_0050.wav,2
-0.25224447,-0.38192067,-0.085701816,0.04962333,0.12357264,0.08697366,-0.29106835,-0.3761956,train_0057.wav,2
-0.22077931,-0.3135885,0.0056938166,-0.0028357636,0.083036885,0.07716724,-0.15279114,-0.1086345,train_0058.wav,2
-0.13282342,-0.2920206,-0.02033235,0.014164847,0.041012265,0.170651,-0.14010176,-0.12419493,train_0059.wav,2
-0.20997235,-0.32031193,-0.013342859,0.034490794,0.055098943,0.1430854,-0.13120164,-0.39058793,train_0060.wav,2
-0.0558993,-0.20535587,0.01672183,-0.00655757,0.043140404,-0.0059161256,-0.031071376,-0.08200828,train_0064.wav,2
-0.23211752,-0.26364806,0.0048907595,0.026721366,0.09639701,0.07172518,-0.068468824,-0.16787349,train_0066.wav,2
0.010232456,-0.28285006,-0.08986223,0.03882834,0.102540426,0.20328891,-0.1277896,-0.22945888,train_0069.wav,2
-0.15460181,-0.28018284,-0.12135734,0.027018376,0.08390257,0.14003311,-0.07935378,-0.43121302,train_0073.wav,2
-0.16230059,-0.37820753,-0.085671924,0.009914407,0.11584968,0.17138189,-0.16166277,-0.33297482,train_0076.wav,2
-0.18537265,-0.3271168,-0.0055464315,0.005633252,0.024887893,0.21384044,-0.23144953,-0.016187776,train_0078.wav,2
-0.16739765,-0.28573874,0.015399142,0.07635789,-0.0011052376,0.14826058,-0.03758163,-0.00037553775,train_0082.wav,2
-0.17444791,-0.33268815,-0.08871618,0.05542094,0.077355035,0.10034666,-0.20970888,-0.178668,train_0090.wav,2
-0.18093237,-0.36082947,-0.059260402,0.07967557,0.08817105,0.15676843,-0.27704325,-0.36123437,train_0091.wav,2
0.03521886,-0.33832854,-0.039930455,0.047947012,0.08770856,0.1030069,-0.119985096,-0.18443142,train_0103.wav,2
-0.24393928,-0.38488722,-0.081097364,0.07651219,0.11369794,0.120757185,-0.356177,-0.48808336,train_0110.wav,2
-0.07342293,-0.3389168,-0.14012966,0.117484756,0.18487287,0.054018483,-0.13788044,-0.25848716,train_0112.wav,2
-0.14293562,-0.4112267,-0.15167393,0.018445898,0.16838704,0.13144793,-0.24074402,-0.28353506,train_0115.wav,2
-0.16010527,-0.30065438,-0.04487165,0.04438846,0.046706412,0.1286298,-0.107734196,-0.370749,train_0116.wav,2
-0.030143583,-0.3139792,-0.009106851,0.008242747,0.07481629,-0.0522538,-0.2354893,-0.32323214,train_0117.wav,2
-0.16489191,-0.35443652,-0.074868254,0.03517355,0.0012875324,0.0906483,-0.08486132,-0.34708852,train_0119.wav,2
-0.059988745,-0.33275917,-0.065645754,0.062892064,0.043285493,0.1761469,-0.17722726,-0.38541353,train_0122.wav,2
-0.058022797,-0.24252161,0.034473717,0.0516187,0.021725306,0.13617238,-0.10084524,-0.0955654,train_0124.wav,2
-0.18033029,-0.2814787,-0.047501314,0.027269028,-0.097531356,0.15586853,-0.16137,-0.23639704,train_0129.wav,2
-0.097570956,-0.35981494,-0.01519209,-0.01298723,0.13557515,0.07923618,-0.08978954,-0.32344064,train_0131.wav,2
-0.2181733,-0.3048489,-0.05329381,0.01909306,-0.010705799,0.0855604,-0.3146551,0.05576109,train_0138.wav,2
-0.17233673,-0.29302737,0.0014536747,0.0074068033,0.10623009,0.029733129,-0.08423782,-0.22554357,train_0139.wav,2
-0.23859492,-0.37067163,-0.08633479,0.04464292,0.10835634,0.119024634,-0.3054961,-0.45705956,train_0140.wav,2
-0.11342911,-0.16863272,0.04547186,-0.16994058,0.13385092,-0.19762374,-0.1837251,-0.19348258,train_0143.wav,2
-0.20187065,-0.40919012,-0.030302448,0.020960331,0.064178854,0.10561038,-0.2876721,-0.33304682,train_0147.wav,2
-0.29195386,-0.40779752,-0.09021142,0.08973085,0.07786803,0.12081099,-0.18706147,-0.33192337,train_0150.wav,2
-0.19649713,-0.34062666,-0.057465397,0.025248455,0.13149066,0.08309701,-0.2608583,-0.30807182,train_0159.wav,2
-0.014033323,-0.28156683,-0.12911393,0.12218799,0.18232918,0.13177773,0.05878696,-0.22275251,train_0171.wav,2
-0.20612526,-0.41484645,-0.044278685,0.12446759,0.16378301,0.07068106,-0.15592718,-0.4023099,train_0176.wav,2
-0.07261088,-0.34047854,-0.0022225205,0.012497222,0.014375386,0.120800465,-0.28206035,-0.22851735,train_0182.wav,2
-0.17011762,-0.41110262,-0.057462547,0.11201572,0.09356284,0.077112064,-0.2580153,-0.2921859,train_0183.wav,2
-0.1868622,-0.35151136,-0.00061955117,-0.06559428,0.04203099,0.08884628,-0.22301985,-0.19466893,train_0186.wav,2
-0.05851863,-0.23611829,-0.039752513,-0.054979723,0.020812424,-0.027379839,-0.13373537,-0.20308869,train_0187.wav,2
0.01991636,-0.026271367,0.038717847,-0.23143457,0.1622499,0.039230365,-0.043944217,-0.11320019,train_0189.wav,2
-0.031855047,-0.3026141,-0.054706562,-0.020758085,0.05584628,-0.0017769282,0.038520936,-0.22955786,train_0190.wav,2
-0.12837401,-0.41459614,-0.11422497,0.12992257,0.050778087,0.13563909,-0.11813656,-0.23981813,train_0191.wav,2
-0.08149885,-0.32076657,-0.12581037,0.064973965,0.14665723,0.13392983,-0.14869708,-0.40285146,train_0193.wav,2
-0.012195712,-0.20597377,-0.039108545,0.07863374,0.052642263,0.1824031,0.05384342,0.06358569,train_0194.wav,2
-0.28831998,-0.34611455,-0.10814991,0.12167595,0.16404255,0.07857408,-0.22683808,-0.30681512,train_0210.wav,2
-0.18507414,-0.38310295,-0.034690514,0.009130871,0.11053829,0.15832129,-0.086596414,-0.3710074,train_0217.wav,2
0.0337341,-0.07343215,0.12788127,-0.11927481,-0.0155738015,-0.054137,-0.05149885,0.15638654,train_0219.wav,2
-0.067000374,-0.24713768,-0.1530887,0.011755306,0.12492063,0.1441265,0.1259037,-0.1427844,train_0220.wav,2
-0.068943165,-0.15396404,0.13343014,-0.13080461,-0.04760914,0.118209526,-0.0029630759,0.2374601,train_0225.wav,2
-0.22360991,-0.38675871,-0.048349295,0.045307554,0.12766588,0.093056396,-0.36358917,-0.43567666,train_0226.wav,2
-0.23645756,-0.3883323,-0.11024155,0.010562499,0.10911853,0.15108515,-0.17728536,-0.42314503,train_0243.wav,2
-0.08332466,-0.07081827,0.080527335,-0.04003521,0.03808136,-0.16758353,-0.09990483,0.0961961,train_0244.wav,2
-0.18518268,-0.3991705,-0.05432904,0.039247774,0.048397094,0.13682817,-0.32285786,-0.4376733,train_0246.wav,2
-0.18210016,-0.43225387,-0.0711056,0.034245357,0.12512551,0.17416523,-0.22614565,-0.37250614,train_0255.wav,2
-0.18807244,-0.2712381,-0.2204484,0.029937917,0.14179584,0.035803378,-0.010886565,-0.3182243,train_0258.wav,2
-0.18293715,-0.3586081,-0.11345578,0.114265874,0.029465051,0.09987852,-0.20163567,-0.3433226,train_0259.wav,2
-0.17344575,-0.29085597,-0.017503822,0.07478494,0.040050156,0.10629028,-0.11718189,-0.21061468,train_0266.wav,2
-0.14724712,-0.36924773,-0.08248165,0.10876267,0.09617386,0.060260225,-0.15288591,-0.22424532,train_0267.wav,2
-0.16266471,-0.37619463,-0.11952918,0.052261576,0.059432395,0.15393159,-0.19964299,-0.30858544,train_0268.wav,2
-0.063847005,-0.11783813,-0.16572292,0.06251768,0.09327755,0.13793953,0.0750835,-0.13859156,train_0270.wav,2
-0.108421765,-0.27151975,0.05329972,0.039289385,-0.014260928,0.05681039,-0.26846534,-0.2015145,train_0273.wav,2
-0.16717455,-0.31963813,-0.11544441,0.09679515,0.08249077,0.19406195,-0.1670902,-0.2829755,train_0274.wav,2
-0.09889214,-0.4129309,-0.03865756,0.036428716,0.026953783,0.17034185,-0.21574798,-0.20605414,train_0279.wav,2
-0.042264275,-0.029187026,-0.023357524,-0.036276497,0.0075445212,0.00032955056,-0.036005396,0.054039825,train_0280.wav,2
-0.19315343,-0.32791546,-0.05777306,0.018189074,0.04580406,-0.024109969,-0.11753217,-0.2166625,train_0284.wav,2
-0.13343003,-0.4513649,-0.05070258,0.0134861935,0.029371182,0.11923168,-0.2976833,-0.0852901,train_0286.wav,2
-0.17701404,-0.34414613,-0.019308398,-0.016631948,0.16976199,0.14298342,-0.28207564,-0.10290237,train_0287.wav,2
-0.2124211,-0.32502073,-0.03995326,-0.085014656,0.21869655,0.114970066,-0.30646005,-0.3701851,train_0289.wav,2
-0.070047185,-0.32157585,-0.13468067,-0.04001692,0.0755601,0.09481779,-0.29781035,-0.30669153,train_0300.wav,2
0.038844984,-0.23233196,-0.0018291307,0.013822745,0.1074726,0.12090686,-0.064859785,-0.20659266,train_0302.wav,2
-0.022222433,-0.28164658,-0.006268695,0.023972357,0.020153992,0.09905887,-0.24329662,-0.23136158,train_0303.wav,2
-0.09770664,-0.3688608,0.019066663,0.11525565,0.070425116,0.155957,-0.11643693,-0.30311185,train_0304.wav,2
-0.07326589,-0.3944929,-0.034189846,0.060591303,0.15029858,0.09286086,-0.23299693,-0.34347588,train_0305.wav,2
-0.2342674,-0.44450954,-0.14514323,0.18083644,0.2381233,0.15956257,-0.15544137,-0.45097283,train_0309.wav,2
-0.15841344,-0.37847787,-0.04282477,0.091694504,0.07014298,0.061887674,-0.2742336,-0.38542208,train_0316.wav,2
-0.115313746,-0.38272136,-0.10721156,0.07970357,0.18075691,0.08641448,-0.19494742,-0.42083117,train_0321.wav,2
-0.16293384,-0.37987995,-0.1158655,-0.049687646,0.15272743,0.100781575,-0.20899917,-0.46419495,train_0324.wav,2
-0.16015309,-0.33465868,-0.15786509,0.10942714,0.21523131,0.09068765,-0.1427136,-0.32029033,train_0334.wav,2
-0.1474008,-0.34834895,-0.014436339,0.03584581,0.0841203,0.07656448,-0.12788776,-0.29146594,train_0335.wav,2
-0.14067945,-0.28833473,-0.046028093,-0.09185461,0.036250923,0.07494707,-0.031216376,-0.056031816,train_0337.wav,2
-0.17294939,-0.38569233,-0.1095127,0.1687959,0.07870581,0.10632235,-0.10696575,-0.3565904,train_0347.wav,2
-0.1401945,-0.33820274,-0.09955422,0.06139231,0.095754854,0.05403484,-0.1365347,-0.34641954,train_0352.wav,2
-0.05879573,-0.32949862,-0.13588458,-0.019493224,0.14570656,0.11353541,-0.16532502,-0.37623376,train_0353.wav,2
-0.0823078,-0.23019537,-0.028333098,0.026462642,0.087935194,0.0826538,-0.102296084,-0.23385249,train_0358.wav,2
-0.18108559,-0.39195776,-0.043122347,0.1092911,0.052625466,0.03554778,-0.086330906,-0.387592,train_0361.wav,2
-0.02359858,-0.46846494,0.033969272,-0.1032576,-0.072934575,0.08799265,-0.18260555,-0.12763141,train_0367.wav,2
-0.14208767,-0.43799925,-0.09656033,0.11532881,0.1378883,0.08235723,-0.17665681,-0.49962497,train_0374.wav,2
-0.21839936,-0.4076941,-0.014524381,0.041695282,0.1154981,0.07117065,-0.36488435,-0.39212155,train_0378.wav,2
-0.131242,-0.32189563,-0.08139814,0.05352736,0.14794338,0.011650134,-0.11966693,-0.4357258,train_0379.wav,2
-0.22977427,-0.3382443,-0.11026663,-0.010967584,0.19741985,0.075722784,-0.23427388,-0.36813223,train_0382.wav,2
-0.017808314,-0.077233866,-0.07771124,0.021836385,0.2580059,-0.06424594,-0.005509949,0.053606644,train_0395.wav,2
-0.15358156,-0.3833297,-0.072127335,0.05959085,0.19409035,0.16090527,-0.24796559,-0.4770166,train_0396.wav,2
-0.1401945,-0.33820274,-0.09955422,0.06139231,0.095754854,0.05403484,-0.1365347,-0.34641954,train_0399.wav,2
-0.18238576,-0.20697127,0.03636971,-0.05680703,-0.059061386,0.14796601,0.0132748755,0.093529925,train_0403.wav,2
-0.19004144,-0.3724622,-0.1030776,0.15240408,0.030770293,0.12069727,-0.24204744,-0.3117062,train_0405.wav,2
-0.11743642,-0.3169611,-0.034310315,0.013544731,0.057420317,0.041639626,-0.2668262,-0.2463186,train_0408.wav,2
-0.09110742,-0.250769,-0.12716119,0.0409351,-0.0043101334,0.11954139,-0.076862045,-0.12909965,train_0409.wav,2
-0.28734416,-0.42371312,-0.052007448,0.075702325,0.04552827,0.13019852,-0.29517466,-0.43221477,train_0413.wav,2
-0.17086229,-0.44381595,-0.034028113,0.105980694,0.09695355,0.14416634,-0.22787084,-0.4088298,train_0416.wav,2
-0.23327194,-0.2297804,-0.057945844,-0.13736255,0.1903327,-0.04250128,-0.16925648,-0.20808987,train_0417.wav,2
-0.11670037,-0.31954396,-0.062096734,-0.01214254,-0.0003742767,0.122199856,-0.13593939,-0.12084229,train_0419.wav,2
-0.08501594,-0.358482,-0.07646884,0.014208309,0.14758341,-0.024637034,-0.15748915,-0.27894127,train_0421.wav,2
-0.23593692,-0.3289717,-0.13083874,0.060916454,0.05192097,0.1914854,-0.17739224,-0.3533429,train_0423.wav,2
-0.039782837,-0.20721063,-0.2830902,0.028210657,0.05350846,-0.0791361,-0.07277613,-0.10063875,train_0426.wav,2
-0.20203565,-0.41685322,-0.07490119,0.06511216,0.22821012,0.102205195,-0.39240196,-0.5627947,train_0433.wav,2
-0.07436642,-0.33838218,-0.11400442,0.08464785,0.1962879,0.055028558,-0.19982693,-0.3817305,train_0435.wav,2
-0.07515823,-0.37277573,-0.12092699,0.05006662,0.14743453,0.11509751,-0.23852614,-0.3432073,train_0437.wav,2
-0.14947595,-0.31984377,-0.09829518,0.03256019,0.048029806,0.19646479,-0.17842732,-0.32498816,train_0442.wav,2
-0.19990107,-0.3342033,-0.115724206,0.026878325,0.12268345,0.10448136,-0.2521639,-0.2404142,train_0444.wav,2
-0.18673578,-0.29958332,-0.11154785,-0.02364116,0.06783772,0.15284342,-0.10721469,-0.13894646,train_0446.wav,2
-0.15189062,-0.079465665,-0.032361444,0.063069224,0.088397644,0.15898046,-0.07170018,-0.17222151,train_0447.wav,2
-0.06342558,-0.29039901,-0.101561785,-0.016852617,0.060513142,0.018394943,-0.070471115,-0.29159263,train_0449.wav,2
-0.1300263,-0.39845106,-0.04095155,0.0022448557,0.005496719,0.09399795,-0.29350954,-0.24958342,train_0453.wav,2
-0.14930573,-0.40391573,-0.008556467,0.09213001,-0.015586812,0.05680444,-0.23508063,-0.40989867,train_0455.wav,2
-0.16427895,-0.40223858,-0.09974844,0.04164007,0.038862947,0.13741341,-0.11552789,-0.35866475,train_0456.wav,2
-0.06899937,-0.21724416,-0.060620584,-0.024715194,0.017931702,0.2261765,0.07361259,-0.2596149,train_0457.wav,2
-0.11851955,-0.19560345,0.014695607,0.022430487,0.048748456,0.19730015,-0.085524045,-0.23403384,train_0462.wav,2
-0.1679891,-0.40270334,-0.08263898,0.08402616,0.13755772,0.09511489,-0.2220593,-0.4606963,train_0470.wav,2
-0.13270894,-0.33282426,-0.094157405,-0.009059371,0.2506483,0.16000424,-0.20446175,-0.3722921,train_0472.wav,2
-0.18433775,-0.3333944,-0.020463262,0.06847293,0.06808542,0.12083227,-0.06345161,-0.12602752,train_0473.wav,2
-0.26867333,-0.3533068,-0.08800864,0.12228518,0.20346005,0.14663659,-0.17127874,-0.44786704,train_0474.wav,2
-0.12181297,-0.10598465,-0.08711625,-0.03220259,0.17539555,0.00329141,-0.086968005,-0.0804681,train_0476.wav,2
-0.15270942,-0.40126216,-0.088496834,0.10482147,0.0845258,0.13842022,-0.17674313,-0.20508061,train_0477.wav,2
-0.22126745,-0.25235325,-0.13629374,0.21756025,0.14851944,0.030916205,-0.07553198,-0.35830697,train_0480.wav,2
-0.13430922,-0.26144046,-0.09302532,0.05478479,0.06975038,-0.06312598,-0.051612977,-0.11217742,train_0481.wav,2
-0.13533598,-0.3640901,-0.04805142,0.0015769774,0.08949166,0.1611186,-0.21936603,-0.10802142,train_0482.wav,2
-0.14042135,-0.29881954,-0.1648108,0.13433869,0.1618412,0.13952285,-0.41201523,-0.24186091,train_0483.wav,2
-0.15291269,-0.3650711,-0.06606991,0.05383477,0.00020770592,0.09449357,-0.1337118,-0.41707772,train_0486.wav,2
0.09195172,0.020590978,-0.103977084,-0.008917952,0.025402935,0.037237037,0.14170243,-0.068702795,train_0489.wav,2
-0.0453425,-0.18009914,-0.00262551,0.016889613,0.033501286,0.11423489,-0.20725544,-0.2231558,train_0495.wav,2
-0.14747484,-0.334965,-0.11581324,0.037261605,0.20397438,0.08541852,-0.029422397,-0.3529455,train_0496.wav,2
-0.15749544,-0.28561202,-0.07284459,-0.00069932523,0.12767719,0.119864054,-0.1319943,-0.28186345,train_0501.wav,2
-0.09316703,-0.35882342,-0.083086684,0.070138074,0.13587737,0.06768291,0.08780227,-0.2358898,train_0502.wav,2
-0.2224204,-0.35039616,-0.08375479,0.021411298,0.20707344,0.10501581,-0.23426765,-0.42200407,train_0001.wav,2
-0.090555586,-0.39873728,-0.013815763,0.09865043,0.093137465,0.06380964,-0.1029501,-0.2097463,train_0004.wav,2
-0.1522933,-0.28703126,-0.1263934,0.20381266,0.11498181,-0.0040218914,-0.08458559,-0.30533046,train_0005.wav,2
-0.15956914,-0.35908228,-0.07206463,0.060735233,0.123059936,0.14077444,-0.23554628,-0.53433484,train_0009.wav,2
-0.09541629,-0.27856147,-0.11254152,0.12169525,0.071463406,0.11913806,0.021957291,-0.24589403,train_0011.wav,2
-0.07309429,-0.28373164,0.012947824,-0.019010685,0.060695335,0.00020152565,-0.33736187,-0.22921805,train_0014.wav,2
-0.09955682,-0.40053684,-0.12195996,0.024239343,0.1677519,0.13734359,-0.089421034,-0.41829947,train_0016.wav,2
-0.09751215,-0.24562815,-0.05297346,-0.090706274,0.09252003,-0.031099657,-0.12037859,-0.28976738,train_0019.wav,2
-0.16821904,-0.37511155,-0.120941505,0.041301794,0.16968767,0.10444223,-0.22438687,-0.31625587,train_0032.wav,2
-0.10838268,-0.38719064,-0.13317218,0.07042973,0.13453208,0.11471994,-0.14873864,-0.2897765,train_0033.wav,2
-0.14816537,-0.25840157,-0.07894295,0.088439114,0.16452813,0.06521052,-0.0010304508,-0.1582503,train_0050.wav,2
-0.25224447,-0.38192067,-0.085701816,0.04962333,0.12357264,0.08697366,-0.29106835,-0.3761956,train_0057.wav,2
-0.22077931,-0.3135885,0.0056938166,-0.0028357636,0.083036885,0.07716724,-0.15279114,-0.1086345,train_0058.wav,2
-0.13282342,-0.2920206,-0.02033235,0.014164847,0.041012265,0.170651,-0.14010176,-0.12419493,train_0059.wav,2
-0.20997235,-0.32031193,-0.013342859,0.034490794,0.055098943,0.1430854,-0.13120164,-0.39058793,train_0060.wav,2
-0.0558993,-0.20535587,0.01672183,-0.00655757,0.043140404,-0.0059161256,-0.031071376,-0.08200828,train_0064.wav,2
-0.23211752,-0.26364806,0.0048907595,0.026721366,0.09639701,0.07172518,-0.068468824,-0.16787349,train_0066.wav,2
0.010232456,-0.28285006,-0.08986223,0.03882834,0.102540426,0.20328891,-0.1277896,-0.22945888,train_0069.wav,2
-0.15460181,-0.28018284,-0.12135734,0.027018376,0.08390257,0.14003311,-0.07935378,-0.43121302,train_0073.wav,2
-0.16230059,-0.37820753,-0.085671924,0.009914407,0.11584968,0.17138189,-0.16166277,-0.33297482,train_0076.wav,2
-0.18537265,-0.3271168,-0.0055464315,0.005633252,0.024887893,0.21384044,-0.23144953,-0.016187776,train_0078.wav,2
-0.16739765,-0.28573874,0.015399142,0.07635789,-0.0011052376,0.14826058,-0.03758163,-0.00037553775,train_0082.wav,2
-0.17444791,-0.33268815,-0.08871618,0.05542094,0.077355035,0.10034666,-0.20970888,-0.178668,train_0090.wav,2
-0.18093237,-0.36082947,-0.059260402,0.07967557,0.08817105,0.15676843,-0.27704325,-0.36123437,train_0091.wav,2
0.03521886,-0.33832854,-0.039930455,0.047947012,0.08770856,0.1030069,-0.119985096,-0.18443142,train_0103.wav,2
-0.24393928,-0.38488722,-0.081097364,0.07651219,0.11369794,0.120757185,-0.356177,-0.48808336,train_0110.wav,2
-0.07342293,-0.3389168,-0.14012966,0.117484756,0.18487287,0.054018483,-0.13788044,-0.25848716,train_0112.wav,2
-0.14293562,-0.4112267,-0.15167393,0.018445898,0.16838704,0.13144793,-0.24074402,-0.28353506,train_0115.wav,2
-0.16010527,-0.30065438,-0.04487165,0.04438846,0.046706412,0.1286298,-0.107734196,-0.370749,train_0116.wav,2
-0.030143583,-0.3139792,-0.009106851,0.008242747,0.07481629,-0.0522538,-0.2354893,-0.32323214,train_0117.wav,2
-0.16489191,-0.35443652,-0.074868254,0.03517355,0.0012875324,0.0906483,-0.08486132,-0.34708852,train_0119.wav,2
-0.059988745,-0.33275917,-0.065645754,0.062892064,0.043285493,0.1761469,-0.17722726,-0.38541353,train_0122.wav,2
-0.058022797,-0.24252161,0.034473717,0.0516187,0.021725306,0.13617238,-0.10084524,-0.0955654,train_0124.wav,2
-0.18033029,-0.2814787,-0.047501314,0.027269028,-0.097531356,0.15586853,-0.16137,-0.23639704,train_0129.wav,2
-0.097570956,-0.35981494,-0.01519209,-0.01298723,0.13557515,0.07923618,-0.08978954,-0.32344064,train_0131.wav,2
-0.2181733,-0.3048489,-0.05329381,0.01909306,-0.010705799,0.0855604,-0.3146551,0.05576109,train_0138.wav,2
-0.17233673,-0.29302737,0.0014536747,0.0074068033,0.10623009,0.029733129,-0.08423782,-0.22554357,train_0139.wav,2
-0.23859492,-0.37067163,-0.08633479,0.04464292,0.10835634,0.119024634,-0.3054961,-0.45705956,train_0140.wav,2
-0.11342911,-0.16863272,0.04547186,-0.16994058,0.13385092,-0.19762374,-0.1837251,-0.19348258,train_0143.wav,2
-0.20187065,-0.40919012,-0.030302448,0.020960331,0.064178854,0.10561038,-0.2876721,-0.33304682,train_0147.wav,2
-0.29195386,-0.40779752,-0.09021142,0.08973085,0.07786803,0.12081099,-0.18706147,-0.33192337,train_0150.wav,2
-0.19649713,-0.34062666,-0.057465397,0.025248455,0.13149066,0.08309701,-0.2608583,-0.30807182,train_0159.wav,2
-0.014033323,-0.28156683,-0.12911393,0.12218799,0.18232918,0.13177773,0.05878696,-0.22275251,train_0171.wav,2
-0.20612526,-0.41484645,-0.044278685,0.12446759,0.16378301,0.07068106,-0.15592718,-0.4023099,train_0176.wav,2
-0.07261088,-0.34047854,-0.0022225205,0.012497222,0.014375386,0.120800465,-0.28206035,-0.22851735,train_0182.wav,2
-0.17011762,-0.41110262,-0.057462547,0.11201572,0.09356284,0.077112064,-0.2580153,-0.2921859,train_0183.wav,2
-0.1868622,-0.35151136,-0.00061955117,-0.06559428,0.04203099,0.08884628,-0.22301985,-0.19466893,train_0186.wav,2
-0.05851863,-0.23611829,-0.039752513,-0.054979723,0.020812424,-0.027379839,-0.13373537,-0.20308869,train_0187.wav,2
0.01991636,-0.026271367,0.038717847,-0.23143457,0.1622499,0.039230365,-0.043944217,-0.11320019,train_0189.wav,2
-0.031855047,-0.3026141,-0.054706562,-0.020758085,0.05584628,-0.0017769282,0.038520936,-0.22955786,train_0190.wav,2
-0.12837401,-0.41459614,-0.11422497,0.12992257,0.050778087,0.13563909,-0.11813656,-0.23981813,train_0191.wav,2
-0.08149885,-0.32076657,-0.12581037,0.064973965,0.14665723,0.13392983,-0.14869708,-0.40285146,train_0193.wav,2
-0.012195712,-0.20597377,-0.039108545,0.07863374,0.052642263,0.1824031,0.05384342,0.06358569,train_0194.wav,2
-0.28831998,-0.34611455,-0.10814991,0.12167595,0.16404255,0.07857408,-0.22683808,-0.30681512,train_0210.wav,2
-0.18507414,-0.38310295,-0.034690514,0.009130871,0.11053829,0.15832129,-0.086596414,-0.3710074,train_0217.wav,2
0.0337341,-0.07343215,0.12788127,-0.11927481,-0.0155738015,-0.054137,-0.05149885,0.15638654,train_0219.wav,2
-0.067000374,-0.24713768,-0.1530887,0.011755306,0.12492063,0.1441265,0.1259037,-0.1427844,train_0220.wav,2
-0.068943165,-0.15396404,0.13343014,-0.13080461,-0.04760914,0.118209526,-0.0029630759,0.2374601,train_0225.wav,2
-0.22360991,-0.38675871,-0.048349295,0.045307554,0.12766588,0.093056396,-0.36358917,-0.43567666,train_0226.wav,2
-0.23645756,-0.3883323,-0.11024155,0.010562499,0.10911853,0.15108515,-0.17728536,-0.42314503,train_0243.wav,2
-0.08332466,-0.07081827,0.080527335,-0.04003521,0.03808136,-0.16758353,-0.09990483,0.0961961,train_0244.wav,2
-0.18518268,-0.3991705,-0.05432904,0.039247774,0.048397094,0.13682817,-0.32285786,-0.4376733,train_0246.wav,2
-0.18210016,-0.43225387,-0.0711056,0.034245357,0.12512551,0.17416523,-0.22614565,-0.37250614,train_0255.wav,2
-0.18807244,-0.2712381,-0.2204484,0.029937917,0.14179584,0.035803378,-0.010886565,-0.3182243,train_0258.wav,2
-0.18293715,-0.3586081,-0.11345578,0.114265874,0.029465051,0.09987852,-0.20163567,-0.3433226,train_0259.wav,2
-0.17344575,-0.29085597,-0.017503822,0.07478494,0.040050156,0.10629028,-0.11718189,-0.21061468,train_0266.wav,2
-0.14724712,-0.36924773,-0.08248165,0.10876267,0.09617386,0.060260225,-0.15288591,-0.22424532,train_0267.wav,2
-0.16266471,-0.37619463,-0.11952918,0.052261576,0.059432395,0.15393159,-0.19964299,-0.30858544,train_0268.wav,2
-0.063847005,-0.11783813,-0.16572292,0.06251768,0.09327755,0.13793953,0.0750835,-0.13859156,train_0270.wav,2
-0.108421765,-0.27151975,0.05329972,0.039289385,-0.014260928,0.05681039,-0.26846534,-0.2015145,train_0273.wav,2
-0.16717455,-0.31963813,-0.11544441,0.09679515,0.08249077,0.19406195,-0.1670902,-0.2829755,train_0274.wav,2
-0.09889214,-0.4129309,-0.03865756,0.036428716,0.026953783,0.17034185,-0.21574798,-0.20605414,train_0279.wav,2
-0.042264275,-0.029187026,-0.023357524,-0.036276497,0.0075445212,0.00032955056,-0.036005396,0.054039825,train_0280.wav,2
-0.19315343,-0.32791546,-0.05777306,0.018189074,0.04580406,-0.024109969,-0.11753217,-0.2166625,train_0284.wav,2
-0.13343003,-0.4513649,-0.05070258,0.0134861935,0.029371182,0.11923168,-0.2976833,-0.0852901,train_0286.wav,2
-0.17701404,-0.34414613,-0.019308398,-0.016631948,0.16976199,0.14298342,-0.28207564,-0.10290237,train_0287.wav,2
-0.2124211,-0.32502073,-0.03995326,-0.085014656,0.21869655,0.114970066,-0.30646005,-0.3701851,train_0289.wav,2
-0.070047185,-0.32157585,-0.13468067,-0.04001692,0.0755601,0.09481779,-0.29781035,-0.30669153,train_0300.wav,2
0.038844984,-0.23233196,-0.0018291307,0.013822745,0.1074726,0.12090686,-0.064859785,-0.20659266,train_0302.wav,2
-0.022222433,-0.28164658,-0.006268695,0.023972357,0.020153992,0.09905887,-0.24329662,-0.23136158,train_0303.wav,2
-0.09770664,-0.3688608,0.019066663,0.11525565,0.070425116,0.155957,-0.11643693,-0.30311185,train_0304.wav,2
-0.07326589,-0.3944929,-0.034189846,0.060591303,0.15029858,0.09286086,-0.23299693,-0.34347588,train_0305.wav,2
-0.2342674,-0.44450954,-0.14514323,0.18083644,0.2381233,0.15956257,-0.15544137,-0.45097283,train_0309.wav,2
-0.15841344,-0.37847787,-0.04282477,0.091694504,0.07014298,0.061887674,-0.2742336,-0.38542208,train_0316.wav,2
-0.115313746,-0.38272136,-0.10721156,0.07970357,0.18075691,0.08641448,-0.19494742,-0.42083117,train_0321.wav,2
-0.16293384,-0.37987995,-0.1158655,-0.049687646,0.15272743,0.100781575,-0.20899917,-0.46419495,train_0324.wav,2
-0.16015309,-0.33465868,-0.15786509,0.10942714,0.21523131,0.09068765,-0.1427136,-0.32029033,train_0334.wav,2
-0.1474008,-0.34834895,-0.014436339,0.03584581,0.0841203,0.07656448,-0.12788776,-0.29146594,train_0335.wav,2
-0.14067945,-0.28833473,-0.046028093,-0.09185461,0.036250923,0.07494707,-0.031216376,-0.056031816,train_0337.wav,2
-0.17294939,-0.38569233,-0.1095127,0.1687959,0.07870581,0.10632235,-0.10696575,-0.3565904,train_0347.wav,2
-0.1401945,-0.33820274,-0.09955422,0.06139231,0.095754854,0.05403484,-0.1365347,-0.34641954,train_0352.wav,2
-0.05879573,-0.32949862,-0.13588458,-0.019493224,0.14570656,0.11353541,-0.16532502,-0.37623376,train_0353.wav,2
-0.0823078,-0.23019537,-0.028333098,0.026462642,0.087935194,0.0826538,-0.102296084,-0.23385249,train_0358.wav,2
-0.18108559,-0.39195776,-0.043122347,0.1092911,0.052625466,0.03554778,-0.086330906,-0.387592,train_0361.wav,2
-0.02359858,-0.46846494,0.033969272,-0.1032576,-0.072934575,0.08799265,-0.18260555,-0.12763141,train_0367.wav,2
-0.14208767,-0.43799925,-0.09656033,0.11532881,0.1378883,0.08235723,-0.17665681,-0.49962497,train_0374.wav,2
-0.21839936,-0.4076941,-0.014524381,0.041695282,0.1154981,0.07117065,-0.36488435,-0.39212155,train_0378.wav,2
-0.131242,-0.32189563,-0.08139814,0.05352736,0.14794338,0.011650134,-0.11966693,-0.4357258,train_0379.wav,2
-0.22977427,-0.3382443,-0.11026663,-0.010967584,0.19741985,0.075722784,-0.23427388,-0.36813223,train_0382.wav,2
-0.017808314,-0.077233866,-0.07771124,0.021836385,0.2580059,-0.06424594,-0.005509949,0.053606644,train_0395.wav,2
-0.15358156,-0.3833297,-0.072127335,0.05959085,0.19409035,0.16090527,-0.24796559,-0.4770166,train_0396.wav,2
-0.1401945,-0.33820274,-0.09955422,0.06139231,0.095754854,0.05403484,-0.1365347,-0.34641954,train_0399.wav,2
-0.18238576,-0.20697127,0.03636971,-0.05680703,-0.059061386,0.14796601,0.0132748755,0.093529925,train_0403.wav,2
-0.19004144,-0.3724622,-0.1030776,0.15240408,0.030770293,0.12069727,-0.24204744,-0.3117062,train_0405.wav,2
-0.11743642,-0.3169611,-0.034310315,0.013544731,0.057420317,0.041639626,-0.2668262,-0.2463186,train_0408.wav,2
-0.09110742,-0.250769,-0.12716119,0.0409351,-0.0043101334,0.11954139,-0.076862045,-0.12909965,train_0409.wav,2
-0.28734416,-0.42371312,-0.052007448,0.075702325,0.04552827,0.13019852,-0.29517466,-0.43221477,train_0413.wav,2
-0.17086229,-0.44381595,-0.034028113,0.105980694,0.09695355,0.14416634,-0.22787084,-0.4088298,train_0416.wav,2
-0.23327194,-0.2297804,-0.057945844,-0.13736255,0.1903327,-0.04250128,-0.16925648,-0.20808987,train_0417.wav,2
-0.11670037,-0.31954396,-0.062096734,-0.01214254,-0.0003742767,0.122199856,-0.13593939,-0.12084229,train_0419.wav,2
-0.08501594,-0.358482,-0.07646884,0.014208309,0.14758341,-0.024637034,-0.15748915,-0.27894127,train_0421.wav,2
-0.23593692,-0.3289717,-0.13083874,0.060916454,0.05192097,0.1914854,-0.17739224,-0.3533429,train_0423.wav,2
-0.039782837,-0.20721063,-0.2830902,0.028210657,0.05350846,-0.0791361,-0.07277613,-0.10063875,train_0426.wav,2
-0.20203565,-0.41685322,-0.07490119,0.06511216,0.22821012,0.102205195,-0.39240196,-0.5627947,train_0433.wav,2
-0.07436642,-0.33838218,-0.11400442,0.08464785,0.1962879,0.055028558,-0.19982693,-0.3817305,train_0435.wav,2
-0.07515823,-0.37277573,-0.12092699,0.05006662,0.14743453,0.11509751,-0.23852614,-0.3432073,train_0437.wav,2
-0.14947595,-0.31984377,-0.09829518,0.03256019,0.048029806,0.19646479,-0.17842732,-0.32498816,train_0442.wav,2
-0.19990107,-0.3342033,-0.115724206,0.026878325,0.12268345,0.10448136,-0.2521639,-0.2404142,train_0444.wav,2
-0.18673578,-0.29958332,-0.11154785,-0.02364116,0.06783772,0.15284342,-0.10721469,-0.13894646,train_0446.wav,2
-0.15189062,-0.079465665,-0.032361444,0.063069224,0.088397644,0.15898046,-0.07170018,-0.17222151,train_0447.wav,2
-0.06342558,-0.29039901,-0.101561785,-0.016852617,0.060513142,0.018394943,-0.070471115,-0.29159263,train_0449.wav,2
-0.1300263,-0.39845106,-0.04095155,0.0022448557,0.005496719,0.09399795,-0.29350954,-0.24958342,train_0453.wav,2
-0.14930573,-0.40391573,-0.008556467,0.09213001,-0.015586812,0.05680444,-0.23508063,-0.40989867,train_0455.wav,2
-0.16427895,-0.40223858,-0.09974844,0.04164007,0.038862947,0.13741341,-0.11552789,-0.35866475,train_0456.wav,2
-0.06899937,-0.21724416,-0.060620584,-0.024715194,0.017931702,0.2261765,0.07361259,-0.2596149,train_0457.wav,2
-0.11851955,-0.19560345,0.014695607,0.022430487,0.048748456,0.19730015,-0.085524045,-0.23403384,train_0462.wav,2
-0.1679891,-0.40270334,-0.08263898,0.08402616,0.13755772,0.09511489,-0.2220593,-0.4606963,train_0470.wav,2
-0.13270894,-0.33282426,-0.094157405,-0.009059371,0.2506483,0.16000424,-0.20446175,-0.3722921,train_0472.wav,2
-0.18433775,-0.3333944,-0.020463262,0.06847293,0.06808542,0.12083227,-0.06345161,-0.12602752,train_0473.wav,2
-0.26867333,-0.3533068,-0.08800864,0.12228518,0.20346005,0.14663659,-0.17127874,-0.44786704,train_0474.wav,2
-0.12181297,-0.10598462,-0.087116264,-0.032202583,0.17539556,0.0032914185,-0.086967945,-0.080468155,train_0476.wav,2
-0.15270942,-0.40126213,-0.08849675,0.10482146,0.08452578,0.13842022,-0.17674313,-0.20508064,train_0477.wav,2
-0.22126757,-0.2523532,-0.13629377,0.2175602,0.14851944,0.030916218,-0.07553188,-0.358307,train_0480.wav,2
-0.13430928,-0.26144046,-0.09302532,0.05478476,0.06975044,-0.06312595,-0.05161293,-0.112177424,train_0481.wav,2
-0.13533595,-0.3640901,-0.04805141,0.0015769879,0.089491606,0.16111861,-0.21936601,-0.1080214,train_0482.wav,2
-0.14042129,-0.29881954,-0.16481076,0.13433868,0.16184111,0.13952279,-0.41201523,-0.24186094,train_0483.wav,2
-0.1529127,-0.36507103,-0.06606991,0.053834744,0.00020772209,0.09449358,-0.13371181,-0.4170777,train_0486.wav,2
0.091951735,0.020590996,-0.103977084,-0.008917972,0.025402928,0.037237015,0.14170241,-0.06870271,train_0489.wav,2
-0.045342512,-0.1800992,-0.0026254598,0.016889622,0.03350127,0.1142349,-0.20725541,-0.22315583,train_0495.wav,2
-0.14747478,-0.334965,-0.11581318,0.03726161,0.20397441,0.08541855,-0.029422443,-0.35294542,train_0496.wav,2
-0.15749536,-0.28561196,-0.07284462,-0.00069929153,0.12767719,0.11986405,-0.13199434,-0.28186336,train_0501.wav,2
-0.09316706,-0.35882348,-0.08308665,0.07013811,0.1358774,0.06768289,0.08780226,-0.23588985,train_0502.wav,2
